Title,Company,Location,Eligibility,Link,Type
Careers,Unitedhealthgroup,,,https://www.unitedhealthgroup.com/careers/en/work.html/careers/en.html,Career program
Find Your Next Job,Unitedhealthgroup,,,https://careers.unitedhealthgroup.com/job-search-results/,Career program
Early Careers,Unitedhealthgroup,,,https://www.unitedhealthgroup.com/careers/en/work.html/careers/en/work/early-careers.html,Career program
Job Seeker Resources,Unitedhealthgroup,,,https://www.unitedhealthgroup.com/careers/en/work.html/careers/en/job-seeker-resources.html,Career program
Career Events,Unitedhealthgroup,,,https://www.unitedhealthgroup.com/careers/en/job-seeker-resources/events.html,Career program
Search Jobs,Unitedhealthgroup,,,https://careers.unitedhealthgroup.com/job-search-results/,Career program
Job Seeker Resources,Unitedhealthgroup,,,https://www.unitedhealthgroup.com/careers/en/work.html/careers/en/job-seeker-resources.html,Career program
Careers,Unitedhealthgroup,,,https://www.unitedhealthgroup.com/careers/en/work.html/careers/en/work.html,Career program
"Search Warehouse, Fulfillment, And Transportation Jobs",Jobs,,,https://jobs.cvshealth.com/us/en/ftw-jobs,Career program
Job Search,Jobs,,,https://jobs.cvshealth.com/us/en/search-results,Career program
Explore Next: Career Areas,Jobs,,,https://jobs.cvshealth.com/us/en/careerareas,Career program
Career Site Cookie Settings,Jobs,,,https://jobs.cvshealth.com/us/en/cookiesettings,Career program
Careers,Corporate,,,https://corporate.exxonmobil.com/careers/careers,Career program
Careers,Corporate,,,https://corporate.exxonmobil.com/careers/careers,Career program
Careers,Corporate,,,https://corporate.exxonmobil.com/careers/careers,Career program
Explore Careers,Corporate,,,https://jobs.exxonmobil.com/,Career program
Careers,Corporate,,,https://corporate.exxonmobil.com/careers/careers,Career program
Internships & Early Careers,Careers,,,https://careers.mckesson.com/en/early-talent,Career program
Saved Jobs,Careers,,,https://careers.mckesson.com/en?utm_source=www.mckesson.com&utm_medium=referral&utm_campaign=redirect/saved-jobs,Career program
See All 20Customer Service & Relationsjobs,Careers,,,https://careers.mckesson.com/en?utm_source=www.mckesson.com&utm_medium=referral&utm_campaign=redirect/client-and-customer-services-jobs,Career program
See All 47Business & Strategyjobs,Careers,,,https://careers.mckesson.com/en?utm_source=www.mckesson.com&utm_medium=referral&utm_campaign=redirect/corporate-jobs,Career program
See All 108Distribution Operationsjobs,Careers,,,https://careers.mckesson.com/en?utm_source=www.mckesson.com&utm_medium=referral&utm_campaign=redirect/distribution-jobs,Career program
See All 37Medical & Medical Researchjobs,Careers,,,https://careers.mckesson.com/en?utm_source=www.mckesson.com&utm_medium=referral&utm_campaign=redirect/medical-and-medical-research-jobs,Career program
See All 20Marketing & Salesjobs,Careers,,,https://careers.mckesson.com/en?utm_source=www.mckesson.com&utm_medium=referral&utm_campaign=redirect/sales-and-sales-operations-jobs,Career program
See All 85Information Technologyjobs,Careers,,,https://careers.mckesson.com/en?utm_source=www.mckesson.com&utm_medium=referral&utm_campaign=redirect/technology-jobs,Career program
Careers.Mckesson.Com,Careers,,,http://careers.mckesson.com/,Career program
Careers And Skills,Jpmorganchase,,,https://www.jpmorganchase.com/careers/impact/careers-and-skills,Career program
Careers,Jpmorganchase,,,https://www.jpmorganchase.com/careers/careers,Career program
Tech Careerstech Careers,Jpmorganchase,,,https://www.jpmorganchase.com/careers/#tech-careers,Career program
Careers And Skills,Jpmorganchase,,,https://www.jpmorganchase.com/careers/impact/careers-and-skills,Career program
Careers,Jpmorganchase,,,https://www.jpmorganchase.com/careers/careers,Career program
Explore Careers,About,,,https://careers.bankofamerica.com/en-us,Career program
Explore Careers,About,,,https://careers.bankofamerica.com/en-us,Career program
Careers,About,,,https://careers.bankofamerica.com/?cm_re=EBZ-Corp_SocialResponsibility-_-Enterprise-_-EI38LT0006_AboutSite_Careers,Career program
All Jobs,Elevancehealth,,,https://www.elevancehealth.com/careers/jobs,Career program
All Jobs,Elevancehealth,,,https://www.elevancehealth.com/careers/jobs,Career program
Explore Our Careers,Elevancehealth,,,https://www.elevancehealth.com/careers/jobs,Career program
Elevancehealthjobssupport@Elevancehealth.Com,Elevancehealth,,,https://www.elevancehealth.com/careers/mailto:elevancehealthjobssupport@elevancehealth.com,Career program
See All Job Results,Metacareers,,,https://www.metacareers.com/?utm_source=meta.com&utm_medium=redirect/#,Career program
View Jobs,Metacareers,,,https://www.metacareers.com/jobs,Career program
Job Search,Metacareers,,,https://www.metacareers.com/jobs,Career program
Career Profile,Metacareers,,,https://www.metacareers.com/profile/info,Career program
Meta Careers Blog,Metacareers,,,https://www.metacareers.com/blog,Career program
Shop Jobs,Careers,,,https://careers.homedepot.com/shop-jobs,Career program
Shop Jobs,Careers,,,https://careers.homedepot.com/shop-jobs,Career program
Update Job Alert Preferences,Careers,,,https://careers.homedepot.com/profile/login,Career program
Sign Up For Job Alerts,Careers,,,https://careers.homedepot.com/profile/join,Career program
Search Jobs,Careers,,,https://careers.homedepot.com/job-search-results/#,Career program
Shop Jobs,Careers,,,https://careers.homedepot.com/job-search-results/shop-jobs/,Career program
Students/Internships,Careers,,,https://careers.homedepot.com/job-search-results/students-internships/,Career program
Careerdepot,Careers,,,https://careerdepot.homedepot.com/,Career program
Careers,Fanniemae,,,https://www.fanniemae.com/careers/careers,Career program
Careers,Fanniemae,,,https://www.fanniemae.com/careers/careers,Career program
Careers,Walgreensbootsalliance,,,https://www.walgreensbootsalliance.com/careers/careers,Career program
Careers,Walgreensbootsalliance,,,https://www.walgreensbootsalliance.com/careers/careers,Career program
Pharmacy Careers At Walgreens,Walgreensbootsalliance,,,https://www.walgreensbootsalliance.com/american-pharmacists-month-walgreens,Career program
Landing My Career: A Specialty Pharmacist'S Journey Of Hope And Healing,Walgreensbootsalliance,,,https://www.walgreensbootsalliance.com/careers/news-media/our-stories/landing-my-career-specialty-pharmacists-journey-hope-and-healing,Career program
From Walgreens Pharmacy Tech To Pharmacist Recruiter: 3 Tips For Pursuing A Pharmacy Career,Walgreensbootsalliance,,,https://www.walgreensbootsalliance.com/careers/news-media/our-stories/walgreens-pharmacist-recruiter-tips-pharmacy-career,Career program
Navigating A Natural Disaster And The Next Step Of My Career,Walgreensbootsalliance,,,https://www.walgreensbootsalliance.com/careers/news-media/our-stories/navigating-natural-disaster-and-next-step-my-career,Career program
Careers,Mycareer,,,https://mycareer.verizon.com/?CMP=DMC-CSVCS_ZZ_ZZ_Z_ZZ_N_Z00001/,Career program
Saved Jobs0,Mycareer,,,https://mycareer.verizon.com/?CMP=DMC-CSVCS_ZZ_ZZ_Z_ZZ_N_Z00001/jobs/saved-jobs/,Career program
Careers,Mycareer,,,https://mycareer.verizon.com/?CMP=DMC-CSVCS_ZZ_ZZ_Z_ZZ_N_Z00001/,Career program
Jobs,Mycareer,,,https://mycareer.verizon.com/?CMP=DMC-CSVCS_ZZ_ZZ_Z_ZZ_N_Z00001/jobs/,Career program
Students & Internships,Mycareer,,,https://mycareer.verizon.com/?CMP=DMC-CSVCS_ZZ_ZZ_Z_ZZ_N_Z00001/life-at-verizon/students-internships/,Career program
Career Paths,Mycareer,,,https://mycareer.verizon.com/?CMP=DMC-CSVCS_ZZ_ZZ_Z_ZZ_N_Z00001/career-paths/,Career program
Career Paths,Mycareer,,,https://mycareer.verizon.com/?CMP=DMC-CSVCS_ZZ_ZZ_Z_ZZ_N_Z00001/career-paths/,Career program
Saved Jobs0,Mycareer,,,https://mycareer.verizon.com/?CMP=DMC-CSVCS_ZZ_ZZ_Z_ZZ_N_Z00001/jobs/saved-jobs/,Career program
View All Career Paths,Mycareer,,,https://mycareer.verizon.com/?CMP=DMC-CSVCS_ZZ_ZZ_Z_ZZ_N_Z00001/career-paths/,Career program
View All Career Paths,Mycareer,,,https://mycareer.verizon.com/?CMP=DMC-CSVCS_ZZ_ZZ_Z_ZZ_N_Z00001/career-paths/,Career program
Careers,Nvidia,,,https://www.nvidia.com/en-us/about-nvidia/careers/,Career program
Careers,Nvidia,,,https://www.nvidia.com/en-us/about-nvidia/careers/#careers,Career program
Find Your Next Job,Nvidia,,,https://nvidia.eightfold.ai/careers,Career program
Careers,Nvidia,,,https://www.nvidia.com/en-us/about-nvidia/careers/,Career program
Search Jobs,Wellsfargo,,,https://www.wellsfargojobs.com/en/,Career program
Start Your Civilian Career,Wellsfargo,,,https://www.wellsfargojobs.com/en/inclusion/military/,Career program
Search Jobs,Wellsfargo,,,https://www.wellsfargojobs.com/,Career program
Careers,Wellsfargo,,,https://www.wellsfargo.com/about/careers/?utm_medium=www-redirect&utm_source=careers/about/careers/,Career program
Careers,Valero,,,https://www.valero.com/careers/careers,Career program
Careers,Valero,,,https://www.valero.com/careers/careers,Career program
Your Career Growth,Valero,,,https://www.valero.com/careers/careers/working-valero/career-growth,Career program
Job Search Process,Valero,,,https://www.valero.com/careers/careers/getting-hired/job-search-process,Career program
Valero Career Locations,Valero,,,https://www.valero.com/careers/careers/getting-hired/valero-career-locations,Career program
Uk Careers,Valero,,,https://www.valero.com/careers/careers/global-opportunities/uk-ireland-careers,Career program
Careers In Canada,Valero,,,https://www.energievalero.ca/en-ca/Company/Careers,Career program
Growing Your Career,Valero,,,https://www.valero.com/careers/careers/working-valero/career-growth,Career program
Your Career Growth,Valero,,,https://www.valero.com/careers/careers/working-valero/career-growth,Career program
Career,Statefarm,,,https://www.statefarm.com/careers,Career program
Log Into Careers,Statefarm,,,https://careers-statefarm.icims.com/jobs/login?_jsqid=508ab9a8-f032-4d5f-a515-5aa4c2011735&_sp=25275787-8bc0-44ef-9b77-3b8bcb4495d9.1654005544944&loginOnly=1,Career program
Internships,Statefarm,,,https://jobs.statefarm.com/become-an-intern,Career program
Internships,Statefarm,,,https://jobs.statefarm.com/become-an-intern,Career program
Job Categories Home,Statefarm,,,https://jobs.statefarm.com/career-areas,Career program
Job Categories Home,Statefarm,,,https://jobs.statefarm.com/career-areas,Career program
Find Jobs,Statefarm,,,https://jobs.statefarm.com/main/jobs,Career program
Log Into Careers,Statefarm,,,https://careers-statefarm.icims.com/jobs/login?_jsqid=508ab9a8-f032-4d5f-a515-5aa4c2011735&_sp=25275787-8bc0-44ef-9b77-3b8bcb4495d9.1654005544944&loginOnly=1,Career program
"Join Our Corporate Teamlearn About Working At State Farm And Find Jobs In Areas Like Claims, Underwriting, It And More.",Statefarm,,,https://jobs.statefarm.com/main,Career program
Discover A Job Leading To Your Next Career,Statefarm,,,https://www.statefarm.com/careers/careers,Career program
Early Careers,Att,,,https://att.wd1.myworkdayjobs.com/en-US/ATTcollege/login,Career program
Saved Jobs,Att,,,https://www.att.jobs/saved-jobs,Career program
Additional Internship Opportunities,Att,,,https://www.att.jobs/summer-internships,Career program
Early Careers,Att,,,https://att.wd1.myworkdayjobs.com/en-US/ATTcollege/login,Career program
Saved Jobs,Att,,,https://www.att.jobs/saved-jobs,Career program
Early Careers,Att,,,https://www.att.jobs/students,Career program
Additional Internship Opportunities,Att,,,https://www.att.jobs/summer-internships,Career program
Www.Bountyjobs.Com,Careers,,,http://www.bountyjobs.com/,Career program
Explore Our Different Career Areas ➜,Careers,,,https://careers.humana.com/us/en/search-results,Career program
Careers,Corporate,,,https://corporate.target.com/careers/careers,Career program
Job Search,Corporate,,,https://corporate.target.com/careers/careers/job-search,Career program
Career Areas,Corporate,,,https://corporate.target.com/careers/careers/career-areas,Career program
Graduate Programs & Internships,Corporate,,,https://corporate.target.com/careers/careers/career-areas/intern-entry-level/graduate-programs-and-internships,Career program
Internships,Corporate,,,https://corporate.target.com/careers/careers/career-areas/intern-entry-level/internships,Career program
Careers Faqs,Corporate,,,https://corporate.target.com/careers/careers/faqs,Career program
Job Map,Corporate,,,https://corporate.target.com/careers/careers/job-map,Career program
Fraudulent Job Postings,Corporate,,,https://corporate.target.com/careers/careers/fraudulent-job-postings,Career program
Explore All Careers Areas,Corporate,,,https://corporate.target.com/careers/careers/career-areas,Career program
Search Jobs,Corporate,,,https://corporate.target.com/careers/careers/job-search/store/stores,Career program
Search Jobs,Corporate,,,https://corporate.target.com/careers/careers/job-search/supply-chain/supply-chain,Career program
Search Jobs,Corporate,,,https://corporate.target.com/careers/careers/job-search/corporate/corporate,Career program
Search Jobs,Corporate,,,https://corporate.target.com/careers/careers/job-search/internships/internships-entry-level-programs,Career program
Career Privacy Notice,Corporate,,,https://corporate.target.com/careers/careers/career-privacy-notice,Career program
Careers,Corporate,,,https://corporate.target.com/careers/careers,Career program
Target Careers(Opens Facebook In A New Window),Corporate,,,https://facebook.com/Target.Careers,Career program
View All Career Areas,Pepsicojobs,,,https://www.pepsicojobs.com/main/careerareas,Career program
Internships & Programs,Pepsicojobs,,,https://www.pepsicojobs.com/main/internshipsprograms,Career program
Search Jobs,Pepsicojobs,,,https://www.pepsicojobs.com/main/main/jobs,Career program
Job Function,Pepsicojobs,,,https://www.pepsicojobs.com/main/main/categories,Career program
Culture & Careers,Adm,,,https://www.adm.com/careers/en-us/culture-and-careers/,Career program
Early Careers,Adm,,,https://www.adm.com/careers/en-us/culture-and-careers/early-careers/,Career program
Culture & Careers,Adm,,,https://www.adm.com/careers/en-us/culture-and-careers/,Career program
Early Careers,Adm,,,https://www.adm.com/careers/en-us/culture-and-careers/early-careers/,Career program
Culture And Careers,Adm,,,https://www.adm.com/careers/en-us/culture-and-careers/,Career program
Global Careers,Adm,,,https://www.adm.com/careers/en-us/legal/privacy-global-candidate-notice/,Career program
Apac Careers,Adm,,,https://www.adm.com/careers/en-us/legal/privacy-apac-candidate-notice/,Career program
Emea Careers,Adm,,,https://www.adm.com/careers/en-us/legal/privacy-emea-candidate-notice/,Career program
Na Careers,Adm,,,https://www.adm.com/careers/en-us/legal/privacy-na-candidate-notice/,Career program
Latam Careers,Adm,,,https://www.adm.com/careers/en-us/legal/privacy-latam-candidate-notice/,Career program
Culture And Careers,Adm,,,https://www.adm.com/careers/en-us/culture-and-careers/,Career program
Early Careers,Adm,,,https://www.adm.com/careers/en-us/culture-and-careers/early-careers/,Career program
Americas Regionexplore Careers0 Jobs,Careers,,,https://careers.rtx.com/global/en/americas-job-search,Career program
Apac Regionexplore Careers0 Jobs,Careers,,,https://careers.rtx.com/global/en/apac-job-search,Career program
Emea Regionexplore Careers0 Jobs,Careers,,,https://careers.rtx.com/global/en/emea-job-search,Career program
Careers,Albertsons,,,https://eofd.fa.us6.oraclecloud.com/hcmUI/CandidateExperience/en/sites/CX_1001/pages/4011,Career program
Careers,Albertsons,,,https://eofd.fa.us6.oraclecloud.com/hcmUI/CandidateExperience/en/sites/CX_1001/pages/4011,Career program
Internal Careers,Careers,,,https://wd5.myworkday.com/sysco/d/task/2998$46522.htmld,Career program
Saved Jobs0,Careers,,,https://careers.sysco.com/en/saved-jobs,Career program
Greco Careers,Careers,,,https://careers.sysco.com/en/greco-jobs,Career program
Job Search,Careers,,,https://careers.sysco.com/en/#search-form-fields,Career program
Explore Remote Jobs,Careers,,,https://careers.sysco.com/remote-jobs,Career program
"Sysco Careers And Benefitsexplore The Diverse Career Opportunities And Comprehensive Benefits Package Offered By Sysco, A Leading Foodservice Distribution Company.",Careers,,,https://careers.sysco.com/en/en/benefits,Career program
"Career
                                                Areas",Americanexpress,,,https://www.americanexpress.com/en-us/careers/career-areas/?intlink=us-amex-career-en-us-navigation-career-area,Career program
Jobs,Americanexpress,,,https://aexp.eightfold.ai/careers?hl=en&intlink=us-amex-career-en-us-navigation-jobs,Career program
"Career
                                        Areas",Americanexpress,,,https://www.americanexpress.com/en-us/careers/career-areas/?intlink=us-amex-career-en-us-navigation-career-area,Career program
Jobs,Americanexpress,,,https://aexp.eightfold.ai/careers?hl=en&intlink=us-amex-career-en-us-navigation-jobs,Career program
"Career
                                                    Areas",Americanexpress,,,https://www.americanexpress.com/en-us/careers/career-areas/?intlink=us-amex-career-en-us-navigation-career-area,Career program
Jobs,Americanexpress,,,https://aexp.eightfold.ai/careers?hl=en&intlink=us-amex-career-en-us-navigation-jobs,Career program
Careers,Lockheedmartin,,,https://www.lockheedmartin.com/en-us/careers/index.html/#,Career program
Careers Home,Lockheedmartin,,,https://www.lockheedmartin.com/en-us/careers/index.html,Career program
Search Open Jobs,Lockheedmartin,,,https://www.lockheedmartinjobs.com/search-jobs,Career program
Career Areas,Lockheedmartin,,,https://www.lockheedmartin.com/en-us/careers/career-areas.html,Career program
Student & Early Careers,Lockheedmartin,,,https://www.lockheedmartin.com/en-us/careers/candidates/students-early-careers.html,Career program
Early Careers,Lockheedmartin,,,https://sjobs.brassring.com/TGnewUI/Search/Home/Home?partnerid=25037&siteid=5014&pk_vid=b6c27996c05b2c151732641010904953#home,Career program
View All Career Locations,Lockheedmartin,,,https://www.lockheedmartin.com/en-us/careers/index.html/en-us/careers/locations.html,Career program
Explore Open Jobs,Lockheedmartin,,,https://www.lockheedmartin.com/en-us/careers/locations/marietta-georgia.html,Career program
Explore Open Jobs,Lockheedmartin,,,https://www.lockheedmartinjobs.com/search-jobs/Stratford%2C%20CT/694/4/6252001-4831725-4834162-4843824-4843811/41x18454/-73x13317/50/2,Career program
Explore Open Jobs,Lockheedmartin,,,https://www.lockheedmartin.com/en-us/careers/index.html/en-us/careers/locations/king-of-prussia-pennsylvania.html,Career program
Explore Open Jobs,Lockheedmartin,,,https://www.lockheedmartin.com/en-us/careers/index.html/en-us/careers/locations/colorado.html,Career program
Explore Open Jobs,Lockheedmartin,,,https://www.lockheedmartin.com/en-us/careers/index.html/en-us/careers/locations/florida.html,Career program
Explore Open Jobs,Lockheedmartin,,,https://www.lockheedmartin.com/en-us/careers/index.html/en-us/careers/locations/texas.html,Career program
Students & Early Careers Resources,Lockheedmartin,,,https://www.lockheedmartin.com/en-us/careers/index.html/en-us/careers/candidates/students-early-careers.html,Career program
Careers,Lockheedmartin,,,https://www.lockheedmartinjobs.com/,Career program
Career Areas,Metlifecareers,,,https://www.metlifecareers.com/en_US/ml/CareerAreas,Career program
All Career Areas,Metlifecareers,,,https://www.metlifecareers.com/en_US/ml/CareerAreas,Career program
Careers Blog,Metlifecareers,,,https://www.metlifecareers.com/en_US/ml/SearchBlogs,Career program
Career Areas >,Metlifecareers,,,https://www.metlifecareers.com/ml/CareerAreas,Career program
U.S. Contract Jobs,Jobs,,,https://boeing.talentnet.community/,Career program
Learn Moreabout U.S. Contract Jobs,Jobs,,,https://boeing.talentnet.community/,Career program
Internships,Jobs,,,https://jobs.boeing.com/internships,Career program
0Saved Jobs,Jobs,,,https://jobs.boeing.com/saved-jobs,Career program
Find U.S. Contract Jobs,Jobs,,,https://boeing.talentnet.community/,Career program
See Engineering Jobs,Jobs,,,https://jobs.boeing.com/category/engineering-jobs/185/11125/1,Career program
See Manufacturing Jobs,Jobs,,,https://jobs.boeing.com/category/manufacturing-jobs/185/2635/1,Career program
See Business Jobs,Jobs,,,https://jobs.boeing.com/category/business-jobs/185-18469/11126/1,Career program
See Cybersecurity Jobs,Jobs,,,https://jobs.boeing.com/category/cybersecurity-jobs/185-18469/4744/1,Career program
See Data Science And Analytics Jobs,Jobs,,,https://jobs.boeing.com/category/data-science-and-analytics-jobs/185-18469/18389/1,Career program
See Information Technology Jobs,Jobs,,,https://jobs.boeing.com/category/information-technology-jobs/185/2630/1,Career program
Career Areas,Jobs,,,https://jobs.boeing.com/#career-areas,Career program
Boeing Career Skillbridge Program,Jobs,,,https://boeing.avature.net/skillbridge,Career program
Military Spouse Career Accelerator Pilot Program,Jobs,,,https://boeing.avature.net/mscap,Career program
"Graduates, Apprentices And Internships",Jobs,,,https://www.boeing.co.uk/working-at-boeing/graduates-apprentices-internships,Career program
An Engineer'S Career Takes Flight,Jobs,,,https://jobs.boeing.com/meet-KC,Career program
“You Can Have Five Careers At Boeing.”,Jobs,,,https://jobs.boeing.com/meet-emily-flight-test-engineer,Career program
'You Can Have 20 Careers At Boeing',Jobs,,,https://jobs.boeing.com/Meet-terrence-chance,Career program
'Lean Into Discomfort': Career Advice From A Chief Engineer,Jobs,,,https://jobs.boeing.com/Meet-Pete-Kunz-Chief-Engineer,Career program
Explore Careers With Boeing Phantom Works,Jobs,,,https://jobs.boeing.com/phantom-works-careers,Career program
Jenna’S Career Path Has Been Anything But Traditional.,Jobs,,,https://jobs.boeing.com/meet-Jenna,Career program
Security Clearance Levels For Aerospace & Defense Jobs Explained,Jobs,,,https://jobs.boeing.com/security-clearance-levels-aerospace-defense-job,Career program
High-Demand Jobs For People With Security Clearances,Jobs,,,https://jobs.boeing.com/top-industries-hiring-security-cleared-professionals,Career program
Faqs On Applying For Jobs That Require A Security Clearance.,Jobs,,,https://jobs.boeing.com/faq-security-clearance-jobs,Career program
Career Development For Military Spouses At Boeing,Jobs,,,https://jobs.boeing.com/military-spouses-careers,Career program
Entry-Level Careers,Jobs,,,https://jobs.boeing.com/entry-level,Career program
Internships,Jobs,,,https://jobs.boeing.com/internships,Career program
Cybersecurity Careers At Boeing,Jobs,,,https://jobs.boeing.com/cybersecurity-careers,Career program
Electronic And Electrical Engineering Careers At Boeing,Jobs,,,https://jobs.boeing.com/electronic-and-electrical-engineering-careers,Career program
Finance Careers At Boeing,Jobs,,,https://jobs.boeing.com/finance-careers,Career program
Flight Engineering Careers At Boeing,Jobs,,,https://jobs.boeing.com/flight-engineering-careers,Career program
Information Technology Internships At Boeing,Jobs,,,https://jobs.boeing.com/it-internships,Career program
Electrical Engineering Internships,Jobs,,,https://jobs.boeing.com/electrical-engineering-internships,Career program
Human Resources Careers At Boeing,Jobs,,,https://jobs.boeing.com/human-resources-careers,Career program
Industrial Engineering Careers At Boeing,Jobs,,,https://jobs.boeing.com/industrial-engineering-careers,Career program
Test And Evaluation Engineering Careers At Boeing,Jobs,,,https://jobs.boeing.com/test-engineering-careers,Career program
Software Engineering Careers At Boeing,Jobs,,,https://jobs.boeing.com/software-engineering-careers,Career program
Supply Chain Management Careers At Boeing,Jobs,,,https://jobs.boeing.com/supply-chain-management-careers,Career program
Systems Engineering Careers At Boeing,Jobs,,,https://jobs.boeing.com/systems-engineering-careers,Career program
Business Operations Internships,Jobs,,,https://jobs.boeing.com/business-operations-internships,Career program
Human Resources Internships,Jobs,,,https://jobs.boeing.com/human-resources-internships,Career program
Supply Chain Internships,Jobs,,,https://jobs.boeing.com/supply-chain-internships,Career program
Data Science And Analytics Careers At Boeing,Jobs,,,https://jobs.boeing.com/data-science-and-analytics-careers,Career program
Information Technology Careers At Boeing,Jobs,,,https://jobs.boeing.com/information-technology-careers,Career program
"Materials, Process And Physics Engineering Careers At Boeing",Jobs,,,https://jobs.boeing.com/materials-process-and-physics-careers,Career program
Mechanical And Structural Engineering Careers At Boeing,Jobs,,,https://jobs.boeing.com/mechanical-and-structural-engineering-careers,Career program
Product Security Engineering Careers At Boeing,Jobs,,,https://jobs.boeing.com/product-security-engineering-careers,Career program
Production Engineering Careers At Boeing,Jobs,,,https://jobs.boeing.com/production-engineering-careers,Career program
Manufacturing Careers,Jobs,,,https://jobs.boeing.com/manufacturing-careers,Career program
Specialty Engineering Internships,Jobs,,,https://jobs.boeing.com/specialty-engineering-internships,Career program
Software Engineering Internships,Jobs,,,https://jobs.boeing.com/software-engineering-internships,Career program
Systems Engineering Internships,Jobs,,,https://jobs.boeing.com/systems-engineering-internships,Career program
Test & Evaluation Engineering Internships,Jobs,,,https://jobs.boeing.com/test-and-evaluation-internships,Career program
Global Real Estate And Facilities Internships,Jobs,,,https://jobs.boeing.com/global-real-estate-and-facilities-internships,Career program
Finance Internships,Jobs,,,https://jobs.boeing.com/finance-internships,Career program
Flight Engineering Internships,Jobs,,,https://jobs.boeing.com/flight-engineering-internships,Career program
Industrial Engineering Internships,Jobs,,,https://jobs.boeing.com/industrial-engineering-internships,Career program
"Materials, Process & Physics Engineering Internships",Jobs,,,https://jobs.boeing.com/materials-process-physics-engineering-internships,Career program
Mechanical & Structural Internships,Jobs,,,https://jobs.boeing.com/mechanical-structural-internships,Career program
Facilities And Asset Management Engineering Internships,Jobs,,,https://jobs.boeing.com/global-real-estate-and-facilities-engineering-internships,Career program
Product Support Engineering Internships,Jobs,,,https://jobs.boeing.com/product-support-engineering-internships,Career program
Product Security Engineering Internships,Jobs,,,https://jobs.boeing.com/product-security-engineering-internships,Career program
Production Engineering Internships,Jobs,,,https://jobs.boeing.com/production-engineering-internships,Career program
Safety & Airworthiness Engineering Internships,Jobs,,,https://jobs.boeing.com/safety-airworthiness-engineering-internships,Career program
Sign Upfor Job Alerts,Jobs,,,https://jobs.boeing.com/talent-network#tab-panel-job-alerts,Career program
Careers,Jobs,,,https://jobs.merck.com/us/en/,Career program
Search Jobs,Jobs,,,https://jobs.merck.com/us/en/search-results,Career program
Msd Careers,Jobs,,,https://jobs.msd.com/gb/en/home,Career program
Msd Careers,Jobs,,,https://jobs.msd.com/gb/en,Career program
Careers,Pfizer,,,https://www.pfizer.com/about/careers/about/careers,Career program
Careers,Pfizer,,,https://www.pfizer.com/about/careers/about/careers,Career program
Careers,Pfizer,,,https://www.pfizer.com/about/careers/about/careers,Career program
Careers Menu,Pfizer,,,https://www.pfizer.com/about/careers/,Career program
Careers,Pfizer,,,https://www.pfizer.com/about/careers/about/careers,Career program
Careers In Oncology,Pfizer,,,https://www.pfizer.com/about/careers/about/careers/oncology-careers,Career program
Careers In Research & Development,Pfizer,,,https://www.pfizer.com/about/careers/about/careers/research-and-development,Career program
Careers In Manufacturing,Pfizer,,,https://www.pfizer.com/about/careers/about/careers/manufacturing,Career program
"Careers In Biopharma, Sales & Marketing",Pfizer,,,https://www.pfizer.com/about/careers/about/careers/biopharma-sales-marketing,Career program
Early Careers,Pfizer,,,https://www.pfizer.com/about/careers/en/early-careers,Career program
Career Growth & Development,Pfizer,,,https://www.pfizer.com/about/careers/about/careers/growth_development,Career program
Early Careers,Pfizer,,,https://www.pfizer.com/about/careers/en/early-careers,Career program
Www.Pfizer.Com/Careers,Pfizer,,,https://www.pfizer.com/careers,Career program
Careers,Pfizer,,,https://www.pfizer.com/about/careers/about/careers,Career program
Explore All Jobs,Ibm,,,https://www.ibm.com/careers/search,Career program
Consulting Rolebusiness Transformation Consultantdevelop Compelling Proposals And Business Cases To Achieve Desired Outcomes For Clients.Available Jobs,Ibm,,,https://www.ibm.com/careers/search?field_keyword_08%5B0%5D=Consulting&q=transformation,Career program
"Consulting Rolesalesforce Consultantblend Your Consulting Skills, Business Knowledge And Technical Expertise To Effectively Integrate Salesforce Technology.Available Jobs",Ibm,,,https://www.ibm.com/careers/search?field_keyword_08%5B0%5D=Consulting&q=Salesforce,Career program
"Consulting Rolesoftware Consultantadvise And Educate Clients On Methodology And Tools Across The Application And Software Development Life Cycle, Such As Design, Testing, And Support.Available Jobs",Ibm,,,https://www.ibm.com/careers/search?field_keyword_08%5B0%5D=Consulting&q=software,Career program
"Consulting Rolesap Consultantintegrate Multiple Systems With Your Code In An Agile Manner, Every Step Of The Way. Apply Your Consulting Skills, Business Knowledge And Sap Solution Expertise To Integrate Sap Technology That Impacts Client Business Results.Available Jobs",Ibm,,,https://www.ibm.com/careers/search?q=sap,Career program
Software Engineering Rolesoftware Engineercreate Impactful Software Systems For Clients Around The World.Available Jobs,Ibm,,,https://www.ibm.com/careers/search?field_keyword_08%5B0%5D=Software%20Engineering&q=software%20engineer,Career program
Software Engineering Rolefull Stack Developerintegrate Multiple Systems With Your Code In An Agile Manner.Available Jobs,Ibm,,,https://www.ibm.com/careers/search?field_keyword_08%5B0%5D=Software%20Engineering&q=fullstack%2Cfull%20stack,Career program
"Software Engineering Roledevops Engineerwork With Our Development And Systems Team On Projects That Automate, Scale And Deploy In An Agile Way.Available Jobs",Ibm,,,https://www.ibm.com/careers/search?field_keyword_08%5B0%5D=Software%20Engineering&q=devops,Career program
Software Engineering Rolefront End Developerwork With The Latest Web Technologies And Make Your Code Come To Life For The World.Available Jobs,Ibm,,,https://www.ibm.com/careers/search?field_keyword_08%5B0%5D=Software%20Engineering&q=frontend%2Cfront%20end,Career program
"Sales Rolebrand Sales Specialistwork In Lead Generation And Build A Pipeline Of Top-Quality Prospects. You'Ll Work With Hybrid Cloud, Cybersecurity And Ai Technologies.Available Jobs",Ibm,,,https://www.ibm.com/careers/search?field_keyword_08%5B0%5D=Sales&q=brand%20sales,Career program
Sales Rolecustomer Success Managerapply Your Technical Skills To Help Our Customers Achieve Their Business Outcomes With Hybrid Cloud And Ai Growth Offerings.Available Jobs,Ibm,,,https://www.ibm.com/careers/search?field_keyword_08%5B0%5D=Sales&q=customer%20success%20manager,Career program
Sales Roledigital Sales Tech Specialistcombine Your Client Understanding With Your Knowledge Of Our Tech Solutions To Serve As A Technical Expert And Advisor To Our Clients.Available Jobs,Ibm,,,https://www.ibm.com/careers/search?field_keyword_08%5B0%5D=Sales&q=digital%20sales%20tech%20specialist,Career program
Sales Roletechnical Sales Representativepartner With Dedicated Sales Representatives To Provide Them With Technical Insight That Demonstrates Our Capabilities.Available Jobs,Ibm,,,https://www.ibm.com/careers/search?field_keyword_08%5B0%5D=Sales&q=sales%20representative,Career program
"Data & Analytics Roledata Architectfrom Business Requirements To Logical And Physical Design In An It Solution, Learn To Manage All Aspects Of Data And Information Architecture.Available Jobs",Ibm,,,https://www.ibm.com/careers/search?field_keyword_08%5B0%5D=Data%20%26%20Analytics&q=data%20architect,Career program
"Data & Analytics Roledata Scientistwork With Open Source And Visual Tools, Along With Flexible And Scalable Deployment Options.Available Jobs",Ibm,,,https://www.ibm.com/careers/search?field_keyword_08%5B0%5D=Data%20%26%20Analytics&q=data%20scientist,Career program
"Data & Analytics Roledata Analystsupport Decision-Making, Client Engagements And Business Operations With Your Reporting, Data Mining And Data Visualization Skills.Available Jobs",Ibm,,,https://www.ibm.com/careers/search?field_keyword_08%5B0%5D=Data%20%26%20Analytics&q=data%20analyst,Career program
"Infrastructure & Technology Rolestorage Specialistdesign, Analyze And Manage Complex Storage Solutions For Our Clients To Drive Performance And Reliability.Available Jobs",Ibm,,,https://www.ibm.com/careers/search?field_keyword_08%5B0%5D=Infrastructure%20%26%20Technology&q=storage,Career program
"Infrastructure & Technology Rolesystems Administratorapply Your Linux/Unix And Overall Systems Knowledge To Manage Our Servers, While Working With A Skilled Open-Source Teams.Available Jobs",Ibm,,,https://www.ibm.com/careers/search?field_keyword_08%5B0%5D=Infrastructure%20%26%20Technology&q=systems%20administrator,Career program
"Infrastructure & Technology Rolemainframe Technical Specialistcode, Maintain And Scale Our Mainframe Technology, Which Is Critical For Servers And Applications That Require High Resiliency And Agility.Available Jobs",Ibm,,,https://www.ibm.com/careers/search?field_keyword_08%5B0%5D=Infrastructure%20%26%20Technology&q=mainframe,Career program
"Infrastructure & Technology Roletechnical Supportbe Responsible For Understanding, Narrowing Down And Defining The Scope Of Clients’ Technical Concerns.Available Jobs",Ibm,,,https://www.ibm.com/careers/search?field_keyword_08%5B0%5D=Infrastructure%20%26%20Technology&q=support,Career program
"Cloud Rolecloud Security Architectapply Your Skills In Linux, Containers, Networking, And System-Based Security Measures To Create The Architecture And Designs To Thwart The Next Round Of Attackers.Available Jobs",Ibm,,,https://www.ibm.com/careers/search?field_keyword_08%5B0%5D=Cloud&q=cloud%20security%20architect,Career program
"Cloud Rolecloud Platform Architectcollaborate With Others To Plan, Design, Develop, Publish And Maintain Cloud Migration Programs.Available Jobs",Ibm,,,https://www.ibm.com/careers/search?field_keyword_08%5B0%5D=Cloud&q=cloud%20platform%20architect,Career program
"Cloud Rolesite Reliability Engineerwork With The Entire Cloud Organization And Ibm Vendors To Support, Maintain And Operationally Improve The Cloud Infrastructure.Available Jobs",Ibm,,,https://www.ibm.com/careers/search?field_keyword_08%5B0%5D=Cloud&q=site%20reliability%20engineer,Career program
"Cloud Rolecloud Data Engineerwith A Team Of Data Engineers, You'Ll Be Implementing A Production-Grade Data Platform Based On Iot, Data Lakes And Machine Learning-Based Analytics.Available Jobs",Ibm,,,https://www.ibm.com/careers/search?field_keyword_08%5B0%5D=Cloud&q=cloud%20data%20engineer,Career program
Security Rolesecurity Engineermaintain A Strong Security Posture For Our Backend Data Platform To Help Remediate Security Vulnerabilities Across A Hybrid Cloud Environment.Available Jobs,Ibm,,,https://www.ibm.com/careers/search?field_keyword_08%5B0%5D=Security&q=security%20manager,Career program
"Security Rolesecurity Architectproactively Hunt And Find Areas To Improve Solutions, Propose Enhancements And Create The Architecture And Designs To Thwart The Next Round Of Attackers.Available Jobs",Ibm,,,https://www.ibm.com/careers/search?field_keyword_08%5B0%5D=Security&q=architect,Career program
Security Rolesecurity Specialistbecome A Thought Leader In Devsecops Practices And Demonstrate Hands-On Expertise With Security Practices Across Infrastructure And Applications.Available Jobs,Ibm,,,https://www.ibm.com/careers/search?field_keyword_08%5B0%5D=Security&q=specialist,Career program
"Enterprise Operations Roletalent Acquisition Partnerserve An Integral Role As The Point Of Contact For Both Candidates And Hiring Managers, Guiding Them Through The Full Recruitment Life Cycle.Available Jobs",Ibm,,,https://www.ibm.com/careers/search?field_keyword_08%5B0%5D=Enterprise%20Operations&q=talent%20acquisition%20partner,Career program
"Enterprise Operations Rolemarketing Professionalmanage Complex Components Of An Engagement, Working Closely With Clients And Their Customers To Understand Their Pain Points.Available Jobs",Ibm,,,https://www.ibm.com/careers/search?field_keyword_08%5B0%5D=Enterprise%20Operations&q=marketing,Career program
"Enterprise Operations Rolecommunications Professionalhone Your Storytelling Skills And Build A Strong Culture Of Collaboration To Engage, Connect And Inspire Our Community.Available Jobs",Ibm,,,https://www.ibm.com/careers/search?field_keyword_08%5B0%5D=Enterprise%20Operations&q=communications,Career program
"Enterprise Operations Rolefinance & Accounting Analystwork With Procurement, Buying, Financial And Accounting Operations At A Global Scale.Available Jobs",Ibm,,,https://www.ibm.com/careers/search?field_keyword_08%5B0%5D=Enterprise%20Operations&q=financing%2Caccounting,Career program
Research Rolequantum Research Scientistconduct Ground-Breaking Research Into New Superconducting Microwave Devices And Develop New Ways To Operate Them In The Field Of Quantum Computing.Available Jobs,Ibm,,,https://www.ibm.com/careers/search?field_keyword_08%5B0%5D=Research&q=quantum,Career program
"Research Rolecloud Research Scientistwork On Research In Cloud Infrastructures, Specifically Networking, Contributing To Products, Services, Open Source And Innovation Used Around The World.Available Jobs",Ibm,,,https://www.ibm.com/careers/search?field_keyword_08%5B0%5D=Research&q=cloud,Career program
"Research Roleartificial Intelligence Researcherdevelop Safe, Explainable And Responsible Ai Systems Utilizing Knowledge-Based And Data-Driven Ai Techniques.Available Jobs",Ibm,,,https://www.ibm.com/careers/search?field_keyword_08%5B0%5D=Research&q=artificial%20intelligence%20researcher,Career program
"Design & Ux Rolevisual Designeraside From Just Aesthetics, Working In Visual Design Involves Creating Interfaces That Optimize User Experience And Drive Conversion.Available Jobs",Ibm,,,https://www.ibm.com/careers/search?field_keyword_08%5B0%5D=Design%20%26%20UX&q=visual,Career program
"Design & Ux Roleuser Researcherdesign Opportunities, Expose Problems, And Study Target Users — Including Their Needs And Pain Points — To Determine The Best Insights.Available Jobs",Ibm,,,https://www.ibm.com/careers/search?field_keyword_08%5B0%5D=Design%20%26%20UX&q=user%20researcher,Career program
"Design & Ux Roleux Designerwork On Designing The Entire Customer Journey, Including Aspects Of Branding, Design, Usability, And Function.Available Jobs",Ibm,,,https://www.ibm.com/careers/search?field_keyword_08%5B0%5D=Design%20%26%20UX&q=UX,Career program
Design & Ux Rolecontent Designercollaborate With Clients Directly On Content Design While Driving Outcomes That Create Both Market Impact And User Impact.Available Jobs,Ibm,,,https://www.ibm.com/careers/search?field_keyword_08%5B0%5D=Design%20%26%20UX&q=content%20designer,Career program
Project And Product Management Roletechnical Project Managerlead Teams In Delivering A Solution To The Customer Using The Appropriate Business Measurements.Available Jobs,Ibm,,,https://www.ibm.com/careers/search?field_keyword_08%5B0%5D=Project%20Management&q=technical,Career program
"Project And Product Management Roleprogram Managerprovide Functional Management Expertise To Manage Programs, Nurture Talent And Improve Project Methodologies.Available Jobs",Ibm,,,https://www.ibm.com/careers/search?field_keyword_08%5B0%5D=Project%20Management&q=program%20manager,Career program
"Project And Product Management Rolescrum Masteruse Methodologies Like Scrum, Extreme Programming (Xp), Kanban And Safe To Lead And Coach An Agile Team.Available Jobs",Ibm,,,https://www.ibm.com/careers/search?field_keyword_08%5B0%5D=Project%20Management&q=scrum%20master,Career program
"Project And Product Management Rolerisk Manageridentify, Quantify And Manage Various Risk For Which The Project, Customer Or Company Might Have Exposure.Available Jobs",Ibm,,,https://www.ibm.com/careers/search?field_keyword_08%5B0%5D=Project%20Management&q=risk%20manager,Career program
"Product Manager Roleproduct Managerlead The Development And Strategy Of Digital Products, Aligning Business Objectives With User Needs And Overseeing Their Implementation.Available Jobs",Ibm,,,https://www.ibm.com/careers/search?q=product%20manager,Career program
"Ai & Watsonx ™ Rolebackend Developer Watsonx ™As A Backend Developer, You Will Be Part Of A Global Team That Builds And Supports Watson Machine Learning And Watsonx.Ai.Available Jobs",Ibm,,,https://www.ibm.com/careers/search?q=watsonx%20developer,Career program
"Ai & Watsonx ™ Roleai Engineer Watsonx ™You’Ll Leverage The Watsonx™ Platform To Co-Create Ai Value With Clients, Focusing On Technology Patterns To Enhance Repeatability.Available Jobs",Ibm,,,https://www.ibm.com/careers/search?q=AI%20engineer,Career program
Ai & Watsonx ™ Roledevops Engineerpartner With Technical Leaders Across Ibm Sales Teams And Specialists To Drive Experiential Client Engagements.Available Jobs,Ibm,,,https://www.ibm.com/careers/search?q=watsonx%20devops%20engineer,Career program
Learn More On Careers Blog,Ibm,,,https://www.ibm.com/careers/blog,Career program
Financial Professional Careersincrease Your Income Potential While Helping Families Protect Their Own Financial Futures,Newyorklife,,,https://www.newyorklife.com/careers/financial-professionals,Career program
Corporate Careersexperience Personal And Professional Growth At A Purpose-Driven Company,Newyorklife,,,https://www.newyorklife.com/careers/corporate,Career program
All Careers,Newyorklife,,,https://www.newyorklife.com/careers,Career program
Agent Careers,Newyorklife,,,https://www.newyorklife.com/careers/financial-professionals,Career program
Corporate Careers,Newyorklife,,,https://www.newyorklife.com/careers/corporate,Career program
Corporate Careers,Jobs,,,https://jobs.publix.com/department/corporate-careers/,Career program
Job Search,Jobs,,,https://jobs.publix.com/jobs/,Career program
View All Departmentsview All Job Departments,Jobs,,,https://jobs.publix.com/departments/,Career program
View All Jobsview All Available Jobs,Jobs,,,https://jobs.publix.com/jobs/,Career program
Conocophillips Careers,Careers,,,https://careers.conocophillips.com/,Career program
Conocophillips Careers,Careers,,,https://careers.conocophillips.com/,Career program
Career Development,Careers,,,https://careers.conocophillips.com/working-here/career-development/,Career program
Career Areas,Careers,,,https://careers.conocophillips.com/career-areas/,Career program
View More Jobs,Careers,,,https://careers.conocophillips.com/job-search-results/?,Career program
"Finance & Accountingdir, Org Performance & Ocmlocationhouston, Texasbartlesville, Oklahomajob Idreq-005211Apply",Careers,,,https://conocophillips.wd1.myworkdayjobs.com/External/job/Houston-TX/Dir--Org-Performance---OCM_REQ-005211,Career program
"Information Technologytcom Field Network Analystlocationcarlsbad, New Mexicojob Idreq-005197Apply",Careers,,,https://conocophillips.wd1.myworkdayjobs.com/External/job/Carlsbad-NM/TCOM-Field-Network-Analyst_REQ-005197,Career program
"Finance & Accountinganalyst, Accounting & Finance 2026Locationmidland, Texasjob Idreq-005205Apply",Careers,,,https://conocophillips.wd1.myworkdayjobs.com/External/job/Midland-TX/Analyst--Accounting---Finance-2026_REQ-005205,Career program
Mso Tiffany Roberts On Switching Careers /‘Sometimes You Have To Take A Leap Of Faith’,Careers,,,https://www.conocophillips.com/spiritnow/story/mso-tiffany-roberts-on-switching-careers-sometimes-you-have-to-take-a-leap-of-faith/,Career program
Conocophillips Careers,Careers,,,https://careers.conocophillips.com/,Career program
Career Development,Careers,,,https://careers.conocophillips.com/working-here/career-development/,Career program
Career Areas,Careers,,,https://careers.conocophillips.com/career-areas/,Career program
Careers,Tjx,,,https://www.tjx.com/careers/careers,Career program
Careers,Tjx,,,https://www.tjx.com/careers/careers,Career program
Careers,Tjx,,,https://www.tjx.com/careers/careers,Career program
Careers,Tjx,,,https://www.tjx.com/careers/careers,Career program
Careers,Tjx,,,https://www.tjx.com/careers/careers,Career program
Careers,Enterpriseproducts,,,https://www.enterpriseproducts.com/careers/careers/,Career program
Job Openings,Enterpriseproducts,,,https://www.enterpriseproducts.com/careers/careers/job-openings/,Career program
Internship Program,Enterpriseproducts,,,https://www.enterpriseproducts.com/careers/careers/early-careers/,Career program
Job Openings,Enterpriseproducts,,,https://www.enterpriseproducts.com/careers/careers/job-openings/,Career program
Internship Program,Enterpriseproducts,,,https://www.enterpriseproducts.com/careers/careers/early-careers/,Career program
Search Job Openings,Enterpriseproducts,,,https://www.enterpriseproducts.com/careers/careers/job-openings/,Career program
Careers,Pfgc,,,https://www.pfgc.com/careers/Careers,Career program
Job Search,Pfgc,,,https://www.pfgc.com/careers/Careers.aspx#why-pfg,Career program
Explore Job Openings,Pfgc,,,https://sjobs.brassring.com/TGnewUI/Search/Home/Home?partnerid=26350&siteid=6930#home,Career program
Search For Jobs,Pfgc,,,https://sjobs.brassring.com/TGnewUI/Search/Home/Home?partnerid=26350&siteid=6930,Career program
Careers,Pfgc,,,https://www.pfgc.com/careers/Careers,Career program
Careers,Tysonfoods,,,https://www.tysonfoods.com/careers/careers,Career program
Search All Job Openings,Tysonfoods,,,https://tysonfoods.wd5.myworkdayjobs.com/TSN,Career program
Production Jobs,Tysonfoods,,,https://tysonfoods.wd5.myworkdayjobs.com/TSN5,Career program
Driving Jobs,Tysonfoods,,,https://intelliapp.driverapponline.com/c/tyson?r=tysonfoodscareers,Career program
Professional Jobs,Tysonfoods,,,https://tysonfoods.wd5.myworkdayjobs.com/en-US/TSN/jobs?jobFamilyGroup=4506c4a2b82c01358e4d2e6da234c52f&jobFamilyGroup=4506c4a2b82c01c4fdbd676da234d12f&jobFamilyGroup=4506c4a2b82c0101f1fda06da234e92f&jobFamilyGroup=4506c4a2b82c01c919b67f6da234db2f&jobFamilyGroup=4506c4a2b82c01761358636da234cf2f&jobFamilyGroup=4506c4a2b82c0127db816c6da234d32f&jobFamilyGroup=4506c4a2b82c01d041d3886da234df2f&jobFamilyGroup=4506c4a2b82c011d16585a6da234cb2f,Career program
Technology Jobs,Tysonfoods,,,https://www.tysonfoods.com/technology-careers,Career program
Automation Jobs,Tysonfoods,,,https://tysonfoods.wd5.myworkdayjobs.com/en-US/TSN/jobs?jobFamilyGroup=4506c4a2b82c017025ec5e6da234cd2f&jobFamilyGroup=4506c4a2b82c0165ff9e9b6da234e72f,Career program
Supply & Logistics Jobs,Tysonfoods,,,https://tysonfoods.wd5.myworkdayjobs.com/en-US/TSN/jobs?jobFamilyGroup=4506c4a2b82c01a153a0ab6da234ed2f&jobFamilyGroup=4506c4a2b82c0136dfc4916da234e32f,Career program
Apply For An Internship,Tysonfoods,,,https://tysonfoods.wd5.myworkdayjobs.com/TSN1,Career program
Careers,Tysonfoods,,,https://www.tysonfoods.com/careers/careers,Career program
Career Paths,Intel,,,https://jobs.intel.com/en/career-pathways,Career program
Challenging And Rewarding Worksolve Challenging Problems And Help Develop Technology That Changes The World.Explore Careers,Intel,,,https://jobs.intel.com/en,Career program
Careers,Intel,,,https://www.intel.com/content/www/us/en/jobs/life-at-intel.html/content/www/us/en/jobs/life-at-intel.html,Career program
Career Areas,Careers,,,https://careers.nike.com/career-areas,Career program
Careers,Careers,,,https://careers.nike.com/jobs,Career program
Careers,Careers,,,https://careers.nike.com/jobs,Career program
Career Areas,Careers,,,https://careers.nike.com/career-areas,Career program
Jordan Careers,Careers,,,https://careers.nike.com/jobs?filter%5Bbrand%5D%5B0%5D=JORDAN,Career program
Converse Careers,Careers,,,https://careers.converse.com,Career program
The Nike Internship Experiencelearn More,Careers,,,https://careers.nike.com/career-areas#internships,Career program
Search Jordan Careers,Careers,,,https://careers.nike.com/jobs?filter%5Bbrand%5D%5B0%5D=JORDAN,Career program
Search Retail Careers,Careers,,,https://careers.nike.com/jobs?filter%5Bcf_job_category%5D%5B0%5D=Retail,Career program
Search Distribution Careers,Careers,,,https://careers.nike.com/jobs?filter%5Bcf_job_category%5D%5B0%5D=Distribution,Career program
Search Manufacturing Careers,Careers,,,https://careers.nike.com/jobs?filter%5Bcf_job_category%5D%5B0%5D=Manufacturing,Career program
Search Corporate Careers,Careers,,,https://careers.nike.com/jobs?filter%5Bcf_job_category%5D%5B0%5D=Corporate,Career program
Search Open Internships,Careers,,,https://careers.nike.com/jobs?filter%5Bcf_employee_type%5D%5B0%5D=Intern%20%28Fixed%20Term%29,Career program
"All
                                                Careers",Careers,,,https://careers.nike.com/javascript:void(0),Career program
Internships,Careers,,,https://careers.nike.com/#,Career program
Contract Jobs - Usa Only*,Careers,,,https://www.livehire.com/careers/nikeinc/jobs,Career program
View Job,Careers,,,https://careers.nike.com/athlete-addetto-alle-vendite-21h-categoria-protetta-l-68-99-nfs-mantova-outlet-village/job/R-66068,Career program
View Job,Careers,,,https://careers.nike.com/athlete-addetto-alle-vendite-21h-categoria-protetta-l-68-99-nfs-noventa-di-piave/job/R-70870,Career program
View Job,Careers,,,https://careers.nike.com/athlete-part-time-20h-fidenza/job/R-69757,Career program
View Job,Careers,,,https://careers.nike.com/abteilungsleiter-coach-w-m-d-375h-nfs-münchen-brunnthal/job/R-61487,Career program
View Job,Careers,,,https://careers.nike.com/account-executive-jordan-pacific/job/R-64223,Career program
View Job,Careers,,,https://careers.nike.com/account-executive-jordan-pacific/job/R-67922,Career program
View Job,Careers,,,https://careers.nike.com/accounting-admin-dolphin/job/R-64380,Career program
View Job,Careers,,,https://careers.nike.com/accounting-admin-nike-tulare-ca/job/R-70425,Career program
View Job,Careers,,,https://careers.nike.com/administrative-assistant/job/R-66384,Career program
View Job,Careers,,,https://careers.nike.com/assistant-head-coach-assistant-store-manager-murcia-tiempo-completo/job/R-52842,Career program
Careers,Plains,,,https://www.plains.com/careers/careers,Career program
Job Postings,Plains,,,https://www.plains.com/careers/careers/job-postings,Career program
Early Careers,Plains,,,https://www.plains.com/careers/careers/early-careers,Career program
Careers,Plains,,,https://www.plains.com/careers/careers,Career program
Job Postings,Plains,,,https://www.plains.com/careers/careers/job-postings,Career program
Early Careers,Plains,,,https://www.plains.com/careers/careers/early-careers,Career program
Careers,Plains,,,https://www.plains.com/careers/careers,Career program
Job Postings,Plains,,,https://www.plains.com/careers/careers/job-postings,Career program
Early Careers,Plains,,,https://www.plains.com/careers/careers/early-careers,Career program
Careers,Plains,,,https://www.plains.com/careers/careers,Career program
Career Areas,Careers,,,https://careers.bms.com/career-areas,Career program
Career Stories,Careers,,,https://careers.bms.com/blog,Career program
Careers Home,Careers,,,https://careers.bms.com/,Career program
Career Areas,Careers,,,https://careers.bms.com/career-areas,Career program
Career Areas,Careers,,,https://careers.bms.com/career-areas,Career program
Internships & Co-Ops,Careers,,,https://careers.bms.com/internships-co-ops/,Career program
Career Stories,Careers,,,https://careers.bms.com/blog,Career program
Search Jobs,Careers,,,https://jobs.bms.com,Career program
Read Career Stories,Careers,,,https://careers.bms.com/blog,Career program
Career Areas  >,Careers,,,https://careers.bms.com/career-areas,Career program
Careers,Gd,,,https://www.gd.com/careers/careers,Career program
Job Search,Gd,,,https://www.gd.com/careers/careers/job-search,Career program
Internships,Gd,,,https://www.gd.com/careers/careers/interns,Career program
Internships,Gd,,,https://www.gd.com/careers/interns,Career program
Careers,Coca-Colacompany,,,https://www.coca-colacompany.com/careers/careers,Career program
Careers,Coca-Colacompany,,,https://www.coca-colacompany.com/careers/careers,Career program
Career Development,Coca-Colacompany,,,https://www.coca-colacompany.com/careers/careers/life-at-coca-cola/career-development,Career program
Career Areas,Coca-Colacompany,,,https://www.coca-colacompany.com/careers/careers/career-areas,Career program
Early Career,Coca-Colacompany,,,https://www.coca-colacompany.com/careers/careers/career-areas#early-career,Career program
Job Search,Coca-Colacompany,,,https://careers.coca-colacompany.com/,Career program
Coca‑Cola Company Jobs,Coca-Colacompany,,,https://careers.coca-colacompany.com/,Career program
Coca‑Cola System Jobs,Coca-Colacompany,,,https://www.coca-colacompany.com/careers/careers/job-search/systemjobs,Career program
Job Search,Coca-Colacompany,,,https://careers.coca-colacompany.com/,Career program
Find Your Career Fit,Coca-Colacompany,,,https://www.coca-colacompany.com/careers/careers/career-areas,Career program
Careers,Coca-Colacompany,,,https://www.coca-colacompany.com/careers/careers,Career program
Careers Home,Careers,,,https://careers.tiaa.org:443/,Career program
Career Areas,Careers,,,https://careers.tiaa.org:443/career-areas,Career program
All Jobs,Careers,,,https://careers.tiaa.org:443/jobs,Career program
Careers Home,Careers,,,https://careers.tiaa.org:443/,Career program
Career Areas,Careers,,,https://careers.tiaa.org:443/career-areas,Career program
All Jobs,Careers,,,https://careers.tiaa.org:443/jobs,Career program
Learn More About Career Areas,Careers,,,https://careers.tiaa.org:443/career-areas,Career program
Careers Home,Careers,,,https://careers.tiaa.org:443/,Career program
Career Site Cookie Settings,Careers,,,https://careers.tiaa.org:443/#,Career program
Career Events,Careers,,,https://careers.travelers.com/events/,Career program
Internships,Careers,,,https://careers.travelers.com/emerging-talent/internships/,Career program
Job Search,Careers,,,https://careers.travelers.com/job-search-results/,Career program
Careers Blog,Careers,,,https://careers.travelers.com/careers-blog/,Career program
Career Events,Careers,,,https://careers.travelers.com/events/,Career program
Internships,Careers,,,https://careers.travelers.com/emerging-talent/internships/,Career program
Job Search,Careers,,,https://careers.travelers.com/job-search-results/,Career program
Careers Blog,Careers,,,https://careers.travelers.com/careers-blog/,Career program
Career Events,Careers,,,https://careers.travelers.com/events/,Career program
Internships,Careers,,,https://careers.travelers.com/emerging-talent/internships/,Career program
Job Search,Careers,,,https://careers.travelers.com/job-search-results/,Career program
Careers Blog,Careers,,,https://careers.travelers.com/careers-blog/,Career program
Visit Careers Blog,Careers,,,https://careers.travelers.com/careers-blog,Career program
How To Spot And Avoid Job Scams: Tips For Job Seekers,Careers,,,https://careers.travelers.com/2025/09/29/how-to-spot-and-avoid-job-scams-tips-for-job-seekers/,Career program
How To Spot And Avoid Job Scams: Tips For Job Seekers,Careers,,,https://careers.travelers.com/2025/09/29/how-to-spot-and-avoid-job-scams-tips-for-job-seekers/,Career program
Careers,Careers,,,https://careers.travelers.com/category/careers/,Career program
How To Spot And Avoid Job Scams: Tips For Job Seekers,Careers,,,https://careers.travelers.com/2025/09/29/how-to-spot-and-avoid-job-scams-tips-for-job-seekers/,Career program
From Military Service To A Civilian Career In Tech: Jesse’S Story,Careers,,,https://careers.travelers.com/2025/09/24/military-to-civilian-tech-career-travelers/,Career program
From Military Service To A Civilian Career In Tech: Jesse’S Story,Careers,,,https://careers.travelers.com/2025/09/24/military-to-civilian-tech-career-travelers/,Career program
Careers,Careers,,,https://careers.travelers.com/category/careers/,Career program
From Military Service To A Civilian Career In Tech: Jesse’S Story,Careers,,,https://careers.travelers.com/2025/09/24/military-to-civilian-tech-career-travelers/,Career program
Careers,Careers,,,https://careers.travelers.com/category/careers/,Career program
Careers,Careers,,,https://careers.travelers.com/category/careers/,Career program
Careers,Careers,,,https://careers.travelers.com/category/careers/,Career program
Careers,Careers,,,https://careers.travelers.com/category/careers/,Career program
What To Say In A Job Interview: Preparation Tips From Travelers,Careers,,,https://careers.travelers.com/2025/05/22/job-interview-preparation-tips/,Career program
What To Say In A Job Interview: Preparation Tips From Travelers,Careers,,,https://careers.travelers.com/2025/05/22/job-interview-preparation-tips/,Career program
Careers,Careers,,,https://careers.travelers.com/category/careers/,Career program
What To Say In A Job Interview: Preparation Tips From Travelers,Careers,,,https://careers.travelers.com/2025/05/22/job-interview-preparation-tips/,Career program
Careers,Careers,,,https://careers.travelers.com/category/careers/,Career program
Careers,Careers,,,https://careers.travelers.com/category/careers/,Career program
Careers,Careers,,,https://careers.travelers.com/category/careers/,Career program
Careers,Careers,,,https://careers.travelers.com/category/careers/,Career program
Careers,Careers,,,https://careers.travelers.com/category/careers/,Career program
