Company,Role,Location,Application,Age
JP Morgan Chase,2026 Software Engineer Program â€“ Summer Internship,"London, UK Christchurch, UK Glasgow, UK",,0d
Stryker,2026 Summer Intern - Software Engineering,"Redmond, WA",,0d
84.51 Degrees,Software Engineer â€“ Internship Program,"Cincinnati, OH",,0d
TC Energy,Computer Science Interns,"Calgary, AB, Canada",,0d
Stryker,2026 Summer Intern - Software Engineering,"Fort Wayne, IN",,0d
â†³,2026 Summer Intern - Software Engineering,"Fort Lauderdale, FL",,0d
â†³,2026 Summer Intern - Software Engineering,"Flower Mound, TX",,0d
JP Morgan Chase,2026 Software Engineer Immersion Program â€“ Summer Internship,"Glasgow, UK",,0d
Netic,"Software Engineer, Intern","San Francisco, CA",,0d
BAE Systems,Software Engineering CO-OP ðŸ‡ºðŸ‡¸,"San Diego, CA",,0d
Motorola Solutions,Mission Critical Networks Software Engineer ðŸ‡ºðŸ‡¸,"Schaumburg, IL Chicago, IL",,0d
ðŸ”¥ Oracle,Undergrad Software Engineer Intern - Global Industries ðŸ›‚,USA,,0d
ðŸ”¥ Databricks,Software Engineering Intern,"Bellevue, WA Mountain View, CA San Francisco, CA",,1d
Honeywell,Software Engineer & Computer Science ðŸ‡ºðŸ‡¸,USA,,1d
Freeform,Software Engineering Intern,"Los Angeles, CA",,1d
ðŸ”¥ TikTok,Software Engineer Intern - Business Integrity - BS/MS,"San Jose, CA",,2d
PIMCO,Intern - Technology Analyst - Software Engineering,"Newport Beach, CA",,2d
Wavetronix,Computer Science Internship,"Springville, UT",,2d
Dow Jones,Software Engineering Intern,"New York, NY",,2d
Medline,IT Software Development Intern - E-commerce,"Northbrook, IL",,2d
Motorola,Computer Engineer Intern,"Irmo, SC",,2d
Santander Global Facilities (SGF) US - Santander Group,Application Development Intern - Auto,"Dallas, TX",,2d
Dow Jones,OPIS Software Development Intern,"Gaithersburg, MD New York, NY",,2d
Medline,IT Software Development Intern - E-Commerce,"Northbrook, IL",,2d
Santander,IT Application Development Intern,"Irvine, CA Dallas, TX",,2d
Charles Schwab,Technology Intern - Software Engineering,"5 locations Indianapolis, IN Austin, TX Westlake, TX Ann Arbor, MI Southlake, TX",,2d
Semgrep,Software Engineer Intern - Cloud Platform,"San Francisco, CA",,2d
ðŸ”¥ Cloudflare,Software Engineer Intern,"Austin, TX",,2d
Booz Allen,University â€“ 2026 Summer Games Systems Engineering Intern,"11 locations Honolulu, HI Annapolis Junction, MD Colorado Springs, CO McLean, VA Rome, NY Panama City, FL Charleston, SC Atlanta, GA Huntsville, AL San Diego, CA El Segundo, CA",,2d
Netsmart,Software Engineer Intern,"Overland Park, KS",,2d
Athelas,Software Engineering Intern,"Mountain View, CA",,2d
Ember AI,Full Stack Engineering Intern,"San Francisco, CA",,2d
DraftKings,Software Engineer Intern,"Boston, MA",,2d
Steel Dynamics,Software Development Internship,"Columbus, MS",,2d
Newrez,Software Engineering,"Coppell, TX",,2d
Kodak,Web Developer Intern,USA,,2d
Kingland,Advanced Software Engineering Intern,"Ames, IA Clear Lake, IA Fort Myers, FL",,2d
Qorvo,Software Engineering Intern ðŸ›‚,"Richardson, TX",,2d
â†³,Software Engineering Intern ðŸ›‚,"Apopka, FL",,2d
Verkada,Security Software Engineering Intern,"San Mateo, CA",,2d
ðŸ”¥ IBM,Back End Developer Intern ðŸ›‚,"22 locations Sandy Springs, GA Poughkeepsie, NY Lowell, MA Rochester, NY Tucson, AZ Research Triangle Park, NC Durham, NC Hopewell Junction, NY San Jose, CA Dallas, TX Houston, TX Austin, TX Herndon, VA New York, NY Statewide, GA Statewide, MN Statewide, TX Statewide, NC Statewide, VA Statewide, AZ Statewide, MA Statewide, CA",,2d
CACI,Software Engineer Intern,"Austin, TX",,3d
Garmin,Software Engineer Intern - Embedded ðŸ›‚,"Olathe, KS",,3d
â†³,Software Engineer Intern - Web/DevOps ðŸ›‚,"Olathe, KS",,3d
ðŸ”¥ Oracle,Undergrad Software Engineer Intern â€“ Oracle Cloud Infrastructure (OCI) ðŸ›‚,"Seattle, WA",,3d
â†³,Undergrad Software Engineer Intern - Oracle Cloud Infrastructure (OCI) ðŸ›‚,"Nashville, TN",,3d
Computershare,Internship - Junior Developer,"Charlotte, NC",,3d
â†³,Internship - Junior Developer,"St Paul, MN",,3d
Dimensional Fund Advisors,Internship in Technology: Engineering - Undergraduate and Master's ðŸŽ“,"Austin, TX",,3d
Nokia,Deepfield Software Engineer Co-op,"Ann Arbor, MI",,4d
Corpay,Software Developer â€“ Co-op,"Vancouver, CAN",,4d
Crowe,Technology and Automation Intern,"Chicago, IL",,4d
Corpay,Software Developer (Co-op),"Vancouver, CAN",,4d
DMA,Software Development Intern,"Fort Wayne, IN",,4d
Epic Games,Engine Software Engineer Intern,"Cary, NC",,4d
ðŸ”¥ Samsara,Software Engineering Intern,"San Francisco, CA",,4d
Qorvo,Software Developer Intern,"Greensboro, NC",,4d
Commure,Software Engineering Intern,"Mountain View, CA",,4d
Hormel Foods,Hormel Foods â€“ IT Application Development Analyst Intern,"Rochester, MN",,4d
Newrez,2026 Summer Internship - Software Engineering,"Coppell, TX",,4d
Nokia,Software Development Coop,"Sunnyvale, CA",,4d
Verisk,Tech Internship,"Holmdel, NJ New York, NY Lehi, UT",,4d
Zebra Technologies,2026 Summer Internship - AVS Mobile Software Engineer - Corporate and Business Services - CEO,"Wheeling, IL",,4d
â†³,2026 Summer Internship - Software Engineer - Corporate and Business Services - CEO,"Lake Grove, NY",,4d
â†³,2026 Summer Internship - Software Engineer Mobile Computing - Corporate and Business Services - CEO,"Lake Grove, NY",,4d
â†³,2026 Summer Internship - Software Engineering - Handheld Mobile Computer - Corporate and Business Services - CEO,"Lake Grove, NY",,4d
Delta Dental,Internship - Application Development,"East Lansing, MI",,5d
Generac,Firmware Engineering Intern,"Waukesha, WI",,5d
Aflac,2026 Summer-Aflac Corporate Intern,"Columbus, GA",,5d
General Dynamics,Intern Software Engineer - Embedded Posted Date ðŸ‡ºðŸ‡¸,"Orlando, FL",,5d
â†³,Software Engineer â€“ Intern Conversion ðŸ‡ºðŸ‡¸,"Herndon, VA",,5d
Zebra,"Software Engineering, Handheld Mobile Computer ðŸ›‚","Holtsville, NY",,5d
Vertiv,Software Engineering Internship ðŸ‡ºðŸ‡¸,"Delaware, OH",,5d
â†³,Firmware Engineering Internship ðŸ‡ºðŸ‡¸,"Delaware, OH",,5d
The Hanover,Associate Solutions Developer ðŸ›‚,"Worcester, MA",,5d
Spectrum,Associate Software Developer ðŸ‡ºðŸ‡¸,"Maryland Heights, MO",,5d
â†³,Associate Dev Ops Engineer ðŸ‡ºðŸ‡¸,"Charlotte, NC",,5d
â†³,Associate Dev Ops Engineer ðŸ‡ºðŸ‡¸,"Maryland Heights, MO",,5d
Nuro,"Systems Engineering Intern, Scenario Taxonomy","Mountain View, CA",,5d
â†³,"Mapping & Localization, Software Engineering Intern","Mountain View, CA",,5d
â†³,"Software Engineer, Performance - Intern","Mountain View, CA",,5d
PepsiCo,Technology Software Development & Engineering Intern ðŸ›‚,"Plano, TX Purchase, NY",,5d
Zebra,AVS Mobile Software Engineer ðŸ›‚,"Lincolnshire, IL",,5d
Abridge,Full Stack Engineering Intern,"San Francisco, CA",,5d
Jane Street,Cybersecurity Analyst Intern,"New York, NY",,5d
ðŸ”¥ TikTok,Software Engineer Intern - AI Applications,"Seattle, WA",,5d
â†³,Software Engineer Intern - AI Applications,"San Jose, CA",,5d
Verkada,Backend Software Engineering Intern,"San Mateo, CA",,5d
â†³,Frontend Software Engineering Intern 2026,"San Mateo, CA",,5d
Motorola,Test Engineering Summer Internship 2026,"Chicago, IL",,5d
Deutsche Bank,Deutsche Bank â€“ Deutsche Bank Internship Program - Technology - Data and Innovation - Tdi - 2026Yello Enterprise,"New York, NY",,5d
Susquehanna International Group (SIG),Software Engineering Internship,"Ardmore, PA",,5d
SharkNinja,Mobile App Developer Co-op,"Needham, MA",,6d
Epic,Software Development Intern ðŸ›‚,"Madison, WI",,6d
PwC,"Cloud Engineering, Data & Analytics - Software Engineering Intern ðŸ›‚","11 locations Rosemont, IL Atlanta, GA Minneapolis, MN Chicago, IL Washington, DC Boston, MA New York, NY Dallas, TX Philadelphia, PA Seattle, WA Houston, TX",,6d
ðŸ”¥ ByteDance,Frontend Software Engineer Intern - Web and Client - Global Payment,"San Jose, CA",,6d
ðŸ”¥ Dropbox,Software Engineer Intern,Remote in USA,,6d
â†³,Software Engineer intern,Remote in Canada,,6d
Fannie Mae,Campus â€“ Technology Program Intern,"Plano, TX Reston, VA",,6d
Abridge,Full Stack Engineering Intern,"San Francisco, CA",,6d
L3Harris Technologies,Application Developer Intern,"Melbourne, FL",,6d
GE Appliances,Software Engineering Co-op,"Louisville, KY",,6d
Boeing,Information Digital Technology & Security Intern ðŸ›‚,"30 locations Auburn, WA Arlington, VA Atlanta, GA Bellevue, WA Berkeley, MO Charleston, SC Chicago, IL Colorado Springs, CO Dallas, TX El Segundo, CA Everett, WA Fairfax, VA Hazelwood, MO Herndon, VA Huntington Beach, CA Huntsville, AL Kent, WA Long Beach, CA Mesa, AZ Mukilteo, WA North Charleston, SC Oklahoma City, OK Plano, TX Renton, WA Ridley Park, PA Saint Charles, MO San Antonio, TX Seattle, WA Seal Beach, CA Tukwila, WA",,6d
ðŸ”¥ IBM,AI Engineer Intern ðŸ›‚,"7 locations Austin, TX Chicago, IL Dallas, TX New York, NY Research Triangle Park, NC San Francisco, CA Washington, DC",,6d
ðŸ”¥ Google,"Software Developer Intern, MS ðŸŽ“","Waterloo, ON Montreal, QC Toronto, ON",,6d
â†³,Software Engineering Intern ðŸŽ“,"30 locations Atlanta, GA Austin, TX Bellevue, WA Boulder, CO Cambridge, MA Chicago, IL Durham, NC Goleta, CA Irvine, CA Kirkland, WA Los Angeles, CA Madison, WI Mountain View, CA New York, NY Palo Alto, CA Pittsburgh, PA Portland, OR Raleigh, NC Redmond, WA Redwood City, CA Reston, VA San Bruno, CA San Diego, CA San Francisco, CA San Jose, CA Santa Cruz, CA Seattle, WA South San Francisco, CA Sunnyvale, CA Washington D.C., DC",,6d
â†³,"Software Developer Intern, BS","Waterloo, ON Montreal, QC Toronto, ON",,6d
Johnson & Johnson,Technology 2026 Summer Internship ðŸ›‚,"11 locations Fort Washington, PA Horsham, PA Irvine, CA Jacksonville, FL New Brunswick, NJ Palm Beach Gardens, FL Raritan, NJ Santa Clara, CA Spring House, PA Titusville, NJ West Chester, PA",,6d
ðŸ”¥ Google,"Software Engineering Intern, BS","30 locations Mountain View, CA Atlanta, GA Austin, TX Boulder, CO Cambridge, MA Bellevue, WA Chicago, IL Irvine, CA Kirkland, WA Los Angeles, CA Madison, WI New York, NY Palo Alto, CA Portland, OR Pittsburgh, PA Raleigh, NC Durham, NC Reston, VA Redmond, WA Redwood City, CA San Diego, CA Goleta, CA San Bruno, CA Seattle, WA San Francisco, CA San Jose, CA Santa Cruz, CA South San Francisco, CA Sunnyvale, CA Washington D.C., DC",,7d
Zip,Software Engineer Intern,"San Francisco, CA",,7d
PricewaterhouseCoopers (PwC),Commercial Technology & Innovation Office â€“ Software Engineering Intern,"11 locations Boston, MA Seattle, WA Houston, TX Washington, DC Dallas, TX Philadelphia, PA Chicago, IL Norridge, IL NYC Minneapolis, MN Atlanta, GA",,7d
RTX,Software Engineering Co-Op ðŸ‡ºðŸ‡¸,"Cedar Rapids, Iowa",,9d
OCC,Linux/Unix Summer Intern,"Chicago, IL",,9d
Schweitzer Engineering Laboratories,Software Engineer Intern,"Moscow, ID",,9d
Metronome,Software Engineering Intern,"San Francisco, CA",,9d
ðŸ”¥ Adobe,AI/ML Intern - Machine Learning Engineer ðŸŽ“,"7 locations San Jose, CA San Francisco, CA Waltham, MA Austin, TX Lehi, UT Seattle, WA New York, NY",,9d
â†³,Software Engineer Intern,"6 locations San Jose, CA San Francisco, CA Austin, TX Lehi, UT Seattle, WA New York, NY",,9d
Empirical,Software Engineering Intern,"Dakota Dunes, SD",,9d
Mackenzie Investments,Investment Management - Fixed Income Software Developer Platform Intern,"Toronto, ON, CA",,10d
ðŸ”¥ Amazon,Security Engineer Internship,"Seattle, WA",,10d
â†³,Systems Development Engineer Internship,"Seattle, WA",,10d
L3Harris Technologies,Operations Test Engineering â€“ Software Co-op,"Hamilton, ON, Canada",,10d
â†³,Full Stack Developer Co-op,"Hamilton, ON, Canada",,10d
Copart,Software Engineering Intern,"Dallas, TX",,10d
IXL Learning,Software Engineer Intern,"San Mateo, CA",,11d
Globus Medical,Software Engineer Co-Op,"Methuen, MA",,11d
Freddie Mac,Multifamily Software Development Intern,"McLean, VA",,11d
Qorvo,Software Characterization Engineering Intern,"Greensboro, NC",,11d
Seagate,Software Engineer,"Shakopee, MN",,12d
Cargill,Software Engineer Intern ðŸ›‚,"Atlanta, GA",,12d
Cadence Solutions,Software Engineering Intern,Remote in USA,,12d
ðŸ”¥ ByteDance,Software Engineer Intern - Platform Product - Global Payment,"San Jose, CA",,12d
ðŸ”¥ Figma,Software Engineering Intern,"San Francisco, CA New York, NY",,12d
American Express,Campus Graduate Summer Internship Program - 2026 Software Engineer - Technology,"New York, NY",,13d
â†³,Campus Graduate Summer Internship Program - 2026 Software Engineer - Technology,"Sunrise, FL",,13d
â†³,Campus Graduate Summer Internship Program - 2026 Software Engineer - Technology ðŸŽ“,"Phoenix, AZ",,13d
â†³,Campus Undergraduate Summer Internship Program - 2026 Software Engineer - Technology,"New York, NY",,13d
â†³,Campus Undergraduate Summer Internship Program - 2026 Software Engineer - Technology,"Plantation, FL",,13d
â†³,Campus Undergraduate Summer Internship Program - 2026 Software Engineer - Technology,"Phoenix, AZ",,13d
Freddie Mac,Technology Intern,"McLean, VA",,13d
GE Appliances,Software Engineering Co-op,"Louisville, KY",,13d
Freddie Mac,Single-Family Software Intern-Summer 2026,"McLean, VA",,14d
â†³,Multifamily Software Development Intern,"McLean, VA",,14d
ðŸ”¥ ByteDance,Software Engineer Intern - Multi-Cloud CDN Platform,"San Jose, CA",,16d
ðŸ”¥ TikTok,Software Engineer Intern - Live Service,"San Jose, CA",,16d
â†³,Software Engineer Intern - Media Engine,"San Jose, CA",,16d
â†³,Software Engineer Intern - Video-on-Demand Algorithm - BS/MS,"San Jose, CA",,16d
â†³,Backend Software Engineer Intern - Foundation Platform,"San Jose, CA",,16d
â†³,Backend Software Engineer Intern - Media Platform,"San Jose, CA",,16d
â†³,Software Engineer Intern - Recommendation Infrastructure,"Seattle, WA",,16d
â†³,Software Engineer Intern - Recommendation Infrastructure,"Seattle, WA",,16d
â†³,Software Engineer Intern - Monetization Technology - Ads Creative AI - BS/MS,"San Jose, CA",,16d
ðŸ”¥ ByteDance,Software Engineer Intern - Edge Platform,"San Jose, CA",,16d
â†³,Software Engineer Intern - Relational Database,"Seattle, WA",,16d
â†³,Software Engineer Intern - Traffic Platform,"San Jose, CA",,16d
â†³,Software Engineer Intern - AI Platform,"San Jose, CA",,16d
TransPerfect,Software Engineer Intern,"New York, NY",,16d
ðŸ”¥ ByteDance,Software Development Engineer Intern - Network Automation,"San Jose, CA",,16d
Uline,Software Developer Internship,"5 locations Waukegan, IL Milwaukee, WI Pleasant Prairie, WI Morton Grove, IL Kenosha, WI",,16d
ðŸ”¥ ByteDance,Software Engineer Intern - Financial Product - Global Payment,"San Jose, CA",,16d
â†³,Network Software Development Engineer Intern - Network Observation,"San Jose, CA",,16d
â†³,Software Development Engineer Intern - Network Automation,"Seattle, WA",,16d
â†³,Software Engineer Intern - Media Network Global Engineering,"San Jose, CA",,16d
â†³,Software Engineer Intern - Nosql Databases,"San Jose, CA",,16d
â†³,Software Engineer Intern - Nosql Databases,"Seattle, WA",,16d
â†³,Software Engineer Intern - Relational Database,"San Jose, CA",,16d
â†³,Software Development Engineer Intern - Foundation Software ðŸŽ“,"San Jose, CA",,16d
ðŸ”¥ Adobe,2026 Intern - Software Engineer,"6 locations Seattle, WA SF Austin, TX San Jose, CA NYC Lehi, UT",,16d
TransPerfect,Software Engineer Intern,"New York, NY",,17d
ðŸ”¥ Notion,Software Engineer Intern,"San Francisco, CA New York, NY",,17d
â†³,Software Engineer â€“ Mobile Intern,"San Francisco, CA New York, NY",,17d
â†³,Software Engineer â€“ AI Intern,"San Francisco, CA New York, NY",,17d
PDT Partners,Software Engineering Internship,"New York, NY",,18d
Domo,Software Engineer,"American Fork, UT",,18d
ðŸ”¥ Microsoft,Software Engineering Intern,"Redmond, WA",,18d
Citadel,Software Engineer â€“ Intern,"London, UK",,18d
Tower Research Capital,Stagiaire en dÃ©veloppement de logiciels â€“ / Software Developer Intern,"Montreal, QC, Canada",,19d
Anduril,Software Engineer Intern,"6 locations Boston, MA Seattle, WA Newport Beach, CA Irvine, CA Reston, VA Atlanta, GA",,19d
Nicolet National Bank,Software Developer Intern,"Green Bay, WI",,19d
ðŸ”¥ TikTok,Software Engineer Intern - Capital Platform,"San Jose, CA",,19d
Anduril Industries,Software Engineer Intern ðŸ›‚,"6 locations Atlanta, GA Boston, MA Costa Mesa, CA Irvine, CA Reston, VA Seattle, WA",,20d
Citadel Securities,Software Engineer â€“ Intern,"London, UK",,20d
ðŸ”¥ Notion,"Software Engineer, AI","San Francisco, CA New York, NY",,20d
â†³,"Software Engineer, Mobile","San Francisco, CA New York, NY",,20d
Confluent,Software Engineering Intern,"Austin, TX",,23d
Belvedere Trading,Software Engineer Intern,"Chicago, IL Boulder, CO",,23d
United Parcel Service (UPS),ISM Co-op,"Parsippany-Troy Hills, NJ",,23d
Perseus Group,Front End Intern,"Markham, ON, Canada Remote in Canada",,23d
Confluent,Software Engineering Intern,"Remote, London",,24d
â†³,Confluent Software Engineering Intern,"Toronto, CAN",,24d
ðŸ”¥ TikTok,Frontend Engineer Intern - Tiktok-Pgc-Ogc - 2026 Summer - BS/MS,"San Jose, CA",,24d
â†³,Mobile Software Engineer Intern - Tiktok-Engineering Excellence-Dev Infra - 2026 Summer - BS/MS,"San Jose, CA",,24d
â†³,Tool Software Engineer Intern - Tiktok-Intelligent Creation-Effect House,"San Jose, CA",,24d
â†³,Software Engineer Intern - Trust and Safety - Algorithm Engineering,"San Jose, CA",,24d
â†³,Frontend Engineer Intern - Tiktok-Product Infrastructure-Customer Service Platform - 2026 Summer - BS/MS,"San Jose, CA",,24d
â†³,Software Engineer/Mobile Engineer Intern - Monetization Technology - Ads Core Demonstration,"San Jose, CA",,24d
â†³,Backend Software Engineer Intern - Tiktok-Intelligent Creation,"San Jose, CA",,24d
â†³,Software Engineer Intern - Recommendation Infrastructure ðŸŽ“,"San Jose, CA",,24d
â†³,Backend Software Engineer Intern - Tiktok-Privacy and Security-Age Compliance - 2026 Summer - BS/MS,"San Jose, CA",,24d
â†³,Software Engineer Intern - Recommendation Platform,"San Jose, CA",,24d
â†³,Backend Software Engineer Intern - Tiktok-Social-Friend Interaction,"San Jose, CA",,24d
â†³,Backend Software Engineer Intern - Tiktok-Search - 2026 Summer - BS/MS,"San Jose, CA",,24d
â†³,Software Development Engineer in Test Intern - Tiktok-Pgc - BS/MS,"San Jose, CA",,24d
â†³,Backend Software Engineer Intern - Tiktok-Global Live-Foundation - 2026 Summer - BS/MS,"San Jose, CA",,24d
â†³,Mobile Software Engineer Intern - Tiktok-Social-User and Relation - 2026 Summer - BS/MS,"Los Angeles, CA",,24d
â†³,Frontend Engineer Intern - Tiktok-Open Platform,"Seattle, WA",,24d
â†³,Backend Software Engineer Intern - Tiktok-Pgc-Ucp,"San Jose, CA",,24d
â†³,Mobile Engineer Intern - Tiktok-Growth-Customer Lifecycle - BS/MS,"San Jose, CA",,24d
â†³,Mobile Software Engineer Intern - Tiktok-Search,"San Jose, CA",,24d
Holman,Developer Co-Op,"Mississauga, ON, CAN",,24d
ðŸ”¥ ByteDance,Software Engineer Intern - AI-Native Databases - PhD ðŸŽ“,"San Jose, CA",,24d
ðŸ”¥ Ramp,Software Engineer Internship - IOS,"San Francisco, CA New York, NY",,24d
â†³,Software Engineer Internship - Android,"San Francisco, CA New York, NY",,24d
Confluent,2026 Confluent Software Engineering Intern Opportunity,"Austin, TX",,24d
â†³,2026 Confluent Software Engineering Intern Opportunity,"Toronto, ON, Canada",,24d
ðŸ”¥ TikTok,Frontend Engineer Intern - Tiktok-Growth-Innovative Growth,"San Jose, CA",,24d
ðŸ”¥ TikTok,Software Engineer Intern - Recommendation Infrastructure,"San Jose, CA",,25d
â†³,Software Engineer Intern - Data Ecosystem - BS/MS,"Seattle, WA",,25d
â†³,Backend Software Engineer Intern - Tiktok-Product Infrastructure-Account - 2026 Summer - BS/MS,"San Jose, CA",,25d
â†³,Software Engineer Intern - Trust and Safety-Engineer-AI Safety - 2026 Summer - BS/MS,"San Jose, CA",,25d
â†³,Frontend Engineer Intern - Tiktok-Pgc - BS/MS,"San Jose, CA",,25d
â†³,Frontend Engineer Intern - Tiktok-Search-Client,"San Jose, CA",,25d
â†³,Backend Software Engineer Intern - Tiktok-Social-User and Relation - 2026 Summer - BS/MS,"Los Angeles, CA",,25d
â†³,Software Engineer Intern - Tiktok Intelligent Creation Effects - 2026 Summer - BS/MS,"San Jose, CA",,25d
â†³,Software Engineer Intern - Data Arch - Shorttext Rec - BS/MS,"San Jose, CA",,25d
â†³,Software Development Engineer in Test Intern - Tiktok-Growth,"San Jose, CA",,25d
â†³,Backend Software Engineer Intern - Tiktok-Growth-Innovative Growth - 2026 Summer - BS/MS,"San Jose, CA",,25d
â†³,Software Development Engineer in Test Intern - Tiktok-Privacy and Security-Business Risk Integrated Control - 2026 Summer - BS/MS,"San Jose, CA",,25d
â†³,Software Engineer Intern - Recommendation Infrastructure,"San Jose, CA",,25d
â†³,Software Engineer Intern - Monetization Technology - Ads Creative,"San Jose, CA",,25d
â†³,Software Development Engineer in Test Intern - Tiktok-Intelligent Creation - BS/MS,"San Jose, CA",,25d
â†³,Software Development Engineer in Test Intern - Tiktok-Global Live-Fundamental - 2026 Summer - BS/MS,"San Jose, CA",,25d
â†³,Mobile Software Engineer Intern - Tiktok-Pgc,"San Jose, CA",,25d
â†³,Software Engineer Intern - Tiktok Search Architecture team,"San Jose, CA",,25d
â†³,Mobile Software Engineer Intern - Tiktok-Social-Friend Interaction,"San Jose, CA",,25d
â†³,Mobile Audio/Video Software Engineer Intern - Tiktok-Intelligent Creation - BS/MS,"San Jose, CA",,25d
â†³,Backend Software Engineer Intern - Tiktok-Privacy and Security-Data Lifecycle Management,"Seattle, WA",,25d
â†³,Mobile Software Engineer Intern - Tiktok-Privacy and Security-Product - 2026 Summer - BS/MS,"Seattle, WA",,25d
â†³,Frontend Engineer Intern - Trust and Safety-Engineering-Data Product & General Service,"San Jose, CA",,25d
â†³,Frontend Engineer Intern - Trust and Safety-Engineering-Risk & Response,"Seattle, WA",,25d
â†³,Software Engineer Intern - Global CRM,"San Jose, CA",,25d
â†³,Backend Software Engineer Intern - Tiktok-Music-Music Content Ecosystem - 2026 Summer - BS/MS,"San Jose, CA",,25d
â†³,Software Engineer Intern - Trust and Safety - Engineering-Core Safety,"Seattle, WA",,25d
â†³,Backend Software Engineer Intern - Tiktok-Social-Graph,"Los Angeles, CA",,25d
â†³,Backend Software Engineer Intern - Tiktok-Social-Photo and Text - BS/MS,"San Jose, CA",,25d
â†³,Backend Software Engineer Intern - Tiktok-Product Infrastructure-Customer Service Platform - BS/MS,"San Jose, CA",,25d
â†³,Backend Software Engineer Intern - Tiktok-PGC-Ecosystem Platform - 2026 Summer - BS/MS,"Seattle, WA",,25d
â†³,Backend Software Engineer Intern - Tiktok-Growth-Customer Lifecycle - BS/MS,"San Jose, CA",,25d
â†³,Software Engineer Intern - Tiktok-Intelligent Creation-Creation Experience - 2026 Summer - BS/MS,"San Jose, CA",,25d
â†³,Software Engineer Intern - Tiktok-PGC-AI Platform,"San Jose, CA",,25d
â†³,Software Engineer Intern - Experimentation & Evaluation - Data Platform,"San Jose, CA",,25d
â†³,Mobile Software Engineer Intern - Tiktok-Intelligent Creation - 2026 Summer - BS/MS,"San Jose, CA",,25d
â†³,Backend Software Engineer Intern - Tiktok-PGC-Monetization - 2026 Summer - BS/MS,"Seattle, WA",,25d
ðŸ”¥ ByteDance,Software Engineer Intern - Payment Risk - Global Payment - BS/MS,"San Jose, CA",,25d
Jump Trading,Campus Software Engineer â€“ Intern,"Chicago, IL",,25d
ðŸ”¥ ByteDance,Software Engineer Intern - Payment Network - Global Payment,"Seattle, WA",,25d
ðŸ”¥ Roblox,Software Engineer Intern,"San Mateo, CA",,25d
Talos Trading,"Software Engineer Intern, Backend, Dealer ðŸ›‚","New York, NY",,25d
Gimlet Labs,Software Engineer - Intern,"San Francisco, CA",,25d
ðŸ”¥ Palantir,Software Engineer Intern,"New York, NY",,26d
Talos Trading,"Software Engineer Intern, Front-End, PMS ðŸ›‚","New York, NY",,26d
ðŸ”¥ ByteDance,Software Development Engineer in Test Intern - Global E-Commerce,"San Jose, CA",,26d
BNY,Summer Internship Program - Engineering - Developer,"Pittsburgh, PA Lake Mary, FL New York, NY",,26d
Peraton,Summer 2026 University Internship Pipeline,"Reston, VA",,26d
Chicago Trading Company,Software Engineering Internship,"Chicago, IL New York, NY",,26d
ðŸ”¥ Palantir,Forward Deployed Software Engineer â€“ Internship - Commercial,"London, UK",,26d
ðŸ”¥ ByteDance,Software Engineer Intern - Payment Architecture - Global Payment,"San Jose, CA",,27d
ðŸ”¥ TikTok,Software Engineer Intern (Data Ecosystem),"San Jose, CA",,27d
â†³,Software Engineer Intern (TikTok-Intelligent Creation - Generative AI and Graphics),"San Jose, CA",,27d
JP Morgan Chase,2025 Code for Good Hackathon â€“ Summer Internship - Software Engineer Program,"9 locations Palo Alto, CA Houston, TX Austin, TX Tampa, FL Plano, TX Chicago, IL Columbus, OH NYC Wilmington, DE",,30d
Altruist,Software Engineering Intern,"San Francisco, CA",,30d
â†³,Software Engineering Intern,"Los Angeles, CA",,30d
ðŸ”¥ Ramp,Software Engineering Internship - Frontend,"New York, NY",,30d
â†³,Software Engineer Internship - Backend,"New York, NY",,30d
Jump Trading,Campus UI Software Engineer â€“ Intern,"London, UK",,30d
â†³,Campus Software Engineer â€“ Intern,"London, UK",,30d
DV Trading,2026 Summer Internship - Software Development - DV Commodities,"London, UK",,30d
â†³,2026 Summer Internship - Software Development - DV Commodities,"New York, NY",,30d
Jonas Software,Jonas Summer Internship - Various Departments,Remote in USA Remote in Canada,,30d
Sentry,Software Engineer â€“ Intern,"San Francisco, CA",,30d
â†³,Software Engineer â€“ Intern,"Toronto, ON, Canada",,30d
Sony,Software Engineer Intern,"San Diego, CA",,1mo
HPR (Hyannis Port Research),Software Engineering Intern ðŸ›‚,"Needham, MA",,1mo
ðŸ”¥ ByteDance,Software Development Engineer in Test Intern - Global E-Commerce,"Seattle, WA",,1mo
â†³,Frontend Software Engineer Intern - Global E-Commerce,"Seattle, WA",,1mo
â†³,Backend Software Engineer Intern - Global E-Commerce,"Seattle, WA",,1mo
â†³,Backend Software Engineer Intern - Global E-Commerce,"San Jose, CA",,1mo
ðŸ”¥ Palantir,Software Engineer â€“ Internship - Infrastructure,"London, UK",,1mo
â†³,Software Engineer â€“ Internship - Production Infrastructure,"London, UK",,1mo
Medtronic,Software Engineering Intern,"North Haven, CT Lafayette, CO Minneapolis, MN",,1mo
Chase,2026 Software Engineer Program â€“ Summer Internship ðŸ›‚,"Austin, TX",,1mo
SciPlay,Software Engineering Intern,"Cedar Falls, IA",,1mo
M&T Bank,Technology Internship Program,"Buffalo, NY",,1mo
Hewlett Packard (HP),Software Developer Internship,"Spring, TX",,1mo
Harmonic,Software Engineer Intern - Summer,"New York, NY",,1mo
Unify,Software Engineering Intern,"San Francisco, CA New York, NY",,1mo
AI Fund,Full-Stack Engineer Intern ðŸ›‚,"San Francisco, CA",,1mo
Castleton Commodities International,Front Office Software Engineer Internship,"Stamford, CT",,1mo
â†³,Front Office Software Engineer Internship,"Stamford, CT",,1mo
Hudson River Trading,Software Engineering Internship,"New York, NY",,1mo
Arcade,Software Engineering Intern,"San Francisco, CA",,1mo
Virtu Financial,Internship - Software Engineer,"Austin, TX New York, NY",,1mo
The Trade Desk,2026 Software Engineering Internship,"5 locations Irvine, CA NYC Bellevue, WA Denver, CO Boulder, CO",,1mo
Wells Fargo,Software Engineer ðŸ›‚,"5 locations Charlotte, NC Phoenix, AZ Chandler, AZ Iselin, NJ Irving, TX",,1mo
CTC,Software Engineer,"Chicago, IL New York, NY",,1mo
Susquehanna,Software Engineering Intern,"Philadelphia, PA",,1mo
Five Rings,Software Developer,"New York, NY",,1mo
BILL,Software Engineer Intern ðŸ›‚,"Draper, UT San Jose, CA",,1mo
Akuna Capital,Software Engineer Intern - C++,"Chicago, IL",,1mo
â†³,Software Engineer Intern - Python,"Chicago, IL",,1mo
â†³,Software Engineer Intern - Full Stack Web,"Chicago, IL",,1mo
â†³,Software Engineer Intern - C# .NET Desktop,"Chicago, IL",,1mo
Tower Research Capital,Software Developer Intern,"New York, NY",,1mo
Konrad Group,Software Developer Intern,"Toronto, ON, Canada",,1mo
ðŸ”¥ Palantir,Software Engineer Intern,"Denver, CO",,1mo
N1,"Software Engineer Intern (Backend, Rust)","New York, NY",,1mo
â†³,Software Engineer Intern (Fullstack),"New York, NY",,1mo
Epic,Software Development Intern ðŸ‡ºðŸ‡¸,"Madison, WI",,1mo
D. E. Shaw,Software Developer Intern,"New York, NY",,1mo
Citadel Securities,Software Engineer Intern,"Miami, FL New York, NY",,1mo
Bank of America,Software Engineer Summer Analyst Intern,"Charlotte, NC Chicago, IL Dallas, TX",,1mo
ðŸ”¥ Apple,Software Engineering Intern,United States,,1mo
DRW,Software Developer Intern,"Chicago, IL",,1mo
Citadel,Software Engineer Intern,"Miami, FL Chicago, IL New York, NY",,1mo
Optiver,Software Engineer Intern,"Chicago, IL",,2mo
â†³,Software Engineer Intern,"Austin, TX",,2mo
IMC Trading,Software Engineer Intern,"Chicago, IL",,2mo
ðŸ”¥ Palantir,Forward Deployed Software Engineer â€“ Internship - Commercial,"New York, NY",,2mo
ðŸ”¥ Palantir,Software Engineer Intern,"Palo Alto, CA",,2mo
â†³,Software Engineer Intern,"New York, NY",,2mo
â†³,Software Engineer Intern,"Seattle, WA",,2mo
â†³,Software Engineer Intern,"Washington, D.C.",,2mo
â†³,Software Engineer â€“ Internship - Production Infrastructure,"Seattle, WA",,2mo
â†³,Software Engineer â€“ Internship - Infrastructure,"New York, NY",,2mo
â†³,Software Engineer â€“ Internship - Production Infrastructure,"New York, NY",,2mo
Skydio,Middleware Software Intern,"San Mateo, CA",,2mo
Activision-Blizzard,Summer Internships - Game Engineering,"Canoga Park, LA Middleton, WI Culver City, CA",ðŸ”’,4d
Geico,TDP Software Intern,"19 locations Springfield, VA Indianapolis, IN Cheektowaga, NY Lakeland, FL Coralville, IA Fredericksburg, VA Virginia Beach, VA Woodbury, NY Tukwila, WA Mt Laurel Township, NJ Macon, GA Lenexa, KS Jacksonville, FL Sorrento Valley, San Diego, CA Richardson, TX Tucson, AZ Katy, TX Anchorage, AK Bethesda, MD",ðŸ”’,5d
SNC-Lavalin,Software Developer Intern,"Denver, CO",ðŸ”’,5d
Dell Technologies,Dell Summer Internship - Software Engineering,"Round Rock, TX",ðŸ”’,5d
Hormel Foods,Hormel Foods â€“ IT Application Development Analyst Intern,"Rochester, MN",ðŸ”’,5d
United Parcel Service (UPS),AI Fluency Co-op,"4 locations Philadelphia, PA Newark, NJ Arlington, VA Parsippany-Troy Hills, NJ",ðŸ”’,5d
PricewaterhouseCoopers (PwC),Partnership Allocation and Reporting Solutions â€“ Technology Intern - Pars,"Dallas, TX Norridge, IL",ðŸ”’,6d
Northrop Grumman,Intern Software Engineer ðŸ‡ºðŸ‡¸,"Melbourne, FL",ðŸ”’,9d
RSM,Application Development Intern,"Des Moines, IA Minneapolis, MN Denver, CO",ðŸ”’,9d
Arch Capital Group,Enterprise Document Management Systems - Edms,"Greensboro, NC",ðŸ”’,10d
VetsEZ,API Developer Intern,"Austin, TX Miami, FL Atlanta, GA",ðŸ”’,10d
Arch Capital Group,IT Servicing NGS Product Summer Intern ðŸŽ“,"Greensboro, NC",ðŸ”’,10d
â†³,Online Portals & Next Gen Platforms â€“ Summer Intern - Opng,"Greensboro, NC",ðŸ”’,10d
Hewlett Packard Enterprise,Tech Intern,"Spring, TX",ðŸ”’,10d
Geico,Technology Development Program - Software Engineer Development track - Sdp,"Bethesda, MD",ðŸ”’,10d
VSP Vision,Apprentice Software Engineer - Java - Angular - React,Remote in USA,ðŸ”’,11d
Vanguard,Application Engineer,"Malvern, PA Charlotte, NC",ðŸ”’,11d
Altera Corporation,AI Software Intern,"San Jose, CA",ðŸ”’,13d
Walmart,2025 Intern Conversion: 2026 FT Software Engineer II,"Sunnyvale, CA",ðŸ”’,13d
Chamberlain Group,Intern â€“ Myq Middleware,"Western Springs, IL",ðŸ”’,13d
â†³,Intern â€“ Myq Middleware,"Western Springs, IL",ðŸ”’,13d
â†³,Intern â€“ Myq Front End Developer - Android or iOS,"Western Springs, IL",ðŸ”’,13d
Ecolab,Digital Technology Intern,"Naperville, IL Eagan, MN St Paul, MN",ðŸ”’,14d
Sonic Healthcare USA,Cache Software Development Intern,"Dallas, TX",ðŸ”’,16d
GlobalFoundries,Software Engineering Intern,NYC,ðŸ”’,16d
United Parcel Service (UPS),Ism Co-Op,"Parsippany-Troy Hills, NJ",ðŸ”’,16d
CCC Intelligent Solutions,Software Engineer Intern,"Chicago, IL",ðŸ”’,16d
ABB,Intern â€“ IT Programming and Projects,"Pointe-Claire, QC, Canada",ðŸ”’,17d
nCino,Part-time Software Engineer Intern,"Lehi, UT",ðŸ”’,18d
Nelnet,Intern â€“ Software Engineer,"Lincoln, NE",ðŸ”’,18d
Capital One,Former Discover Intern - Technology Development Program Associate,"Plano, TX McLean, VA Richmond, VA",ðŸ”’,19d
Capital One,Former Discover Intern - Technology Development Program Associate,"Plano, TX McLean, VA Richmond, VA",ðŸ”’,20d
Chamberlain Group,Software Engineer 1 â€“ Intern Conversion - Front End,"Western Springs, IL",ðŸ”’,23d
Intuit,Mobile Software Developer Co-op,"Toronto, ON, Canada",ðŸ”’,24d
Wurl,Software Engineer Intern,Remote in USA,ðŸ”’,25d
Marquee Insurance Group,Software Engineer Intern ðŸ›‚,"Charleston, SC",ðŸ”’,27d
Capital One,Technology Internship Program,"Plano, TX McLean, VA Richmond, VA",ðŸ”’,28d
Truist,Technology and Innovation Internship,"Charlotte, NC Atlanta, GA",ðŸ”’,30d
â†³,Technology and Innovation Internship ðŸ›‚,"Charlotte, NC Atlanta, GA",ðŸ”’,30d
Otis,Software Engineering Intern,"Farmington, CT",ðŸ”’,1mo
â†³,Software Engineering Intern,"Farmington, CT",ðŸ”’,1mo
DotDash Meredith,Software Developer Intern,"Alberta, Canada",ðŸ”’,1mo
Kimley Horn,Software Developer Intern,"Raleigh, NC",ðŸ”’,1mo
CACI,Software Development Intern,"Dulles, VA",ðŸ”’,1mo
Baseten,Software Engineering Intern,"San Francisco, CA New York, NY",ðŸ”’,1mo
PIP Labs,Engineering Intern - App Team,"San Francisco, CA",ðŸ”’,1mo
Wells Fargo,2025 Emerging Talent Apprentice - Lgcc,NYC,ðŸ”’,1mo
Booz Allen,University â€“ Systems Engineer Intern,"Fayetteville, NC",ðŸ”’,1mo
Capital One,Product Development Internship Program ðŸ›‚,"Plano, TX McLean, VA",ðŸ”’,1mo
Konrad Group,Software Developer Intern,"Toronto, ON, Canada",ðŸ”’,2mo
ATPCO,Platform Capability Engineering Intern,"Reston, VA",ðŸ”’,2mo
PIMCO,2026 Summer Internship - Product Analyst,"London, UK",,0d
ðŸ”¥ TikTok,Product Manager Intern - Tiktok LIVE-Ecosystem Governance - MBA ðŸŽ“,"San Jose, CA",,0d
â†³,Product Manager Intern - Tiktok LIVE-Recommend Product,"San Jose, CA",,0d
ðŸ”¥ ByteDance,Global Product Strategist Intern - Mso - MBA ðŸŽ“,"New York, NY",,0d
84.51 Degrees,Product Owner,"Cincinnati, OH",,0d
Santander Global Facilities (SGF) US - Santander Group,Digital Product and Innovation Intern,"Miami, FL New York, NY",,1d
Appian,Product Manager Intern,"McLean, VA",,2d
Nationwide,Personal Lines Product Analyst Intern,"Des Moines, IA Columbus, OH",,3d
Medline,Product Management Intern,"Northbrook, IL Chicago, IL",,4d
Wonder,Ops Product Intern,"New York, NY",,4d
Zebra Technologies,2026 Summer Internship - Product Manager - Machine Vision - Corporate and Business Services - CEO,"Lake Grove, NY",,4d
â†³,2026 Summer Internship - Jr. Product Manager - Corporate and Business Services - CEO,"Lake Grove, NY",,4d
SharkNinja,NPD Commercial Readiness Co-op,"Needham, MA",,5d
SharkNinja,Product Development Co-op - Ninja,"Needham, MA",,6d
â†³,Product Development Co-op - Shark,"Needham, MA",,6d
Elf Beauty,Intern â€“ Product Development,"Oakland, CA",,7d
American Express,Campus Undergraduate Summer Internship Program - 2026 Product Innovation - Credit & Fraud Risk,"Phoenix, AZ",,9d
â†³,Campus Undergraduate Summer Internship Program - 2026 Product Innovation - Credit & Fraud Risk,"New York, NY",,9d
Quality Technology Services,Product Marketing,"Ashburn, VA",,9d
HARMAN International,Product Management Intern,"Northridge, LA",,10d
American Express,Campus Undergraduate Summer Internship Program - 2026 Product Enablement - Amex Digital Labs,"New York, NY",,10d
ATPCO,Product Analyst Intern,"Reston, VA",,11d
ðŸ”¥ TikTok,Product Manager Intern - Tiktok LIVE-Recommend Product,"San Jose, CA",,12d
ðŸ”¥ Datadog,Product Management Intern ðŸ›‚,"New York, NY",,13d
ðŸ”¥ TikTok,Product Manager Intern - Tiktok-Product-Social and Creation,"San Jose, CA",,13d
Procter & Gamble (P&G),Project & Product Manager Internships,"Cincinnati, OH",,13d
ðŸ”¥ TikTok,Product Manager â€“ Ads Attribution and Measurement Intern - Measurement Signal and Privacy Product,"San Jose, CA",,14d
Uline,Product Marketing Internship,"5 locations Waukegan, IL Milwaukee, WI Pleasant Prairie, WI Morton Grove, IL Kenosha, WI",,16d
American Express,Campus Undergraduate Summer Internship Program - 2026 Product - Global Commercial Services,"New York, NY",,16d
ðŸ”¥ TikTok,User Product Operations Intern - Tiktok Local Services - BS/MS,"Los Angeles, CA",,16d
â†³,Product Manager Intern - Tiktok-Pgc - BS/MS,"San Jose, CA",,16d
GE Vernova,GE Vernova Grid Automation Product Management Intern,"Rochester, NY",,16d
Uline,Product Management Internship,"5 locations Waukegan, IL Milwaukee, WI Pleasant Prairie, WI Morton Grove, IL Kenosha, WI",,16d
Goldman Sachs,2026 â€“ Summer Analyst - Wealth Management - Product Management,"London, UK",,16d
Pentair,Product Management Leadership Development Internship Program,"7 locations Apex, NC Madison, WI Chicago, IL Charlotte, NC Milwaukee, WI Minneapolis, MN Golden Valley, MN",,18d
ðŸ”¥ TikTok,Product Manager Intern - Tiktok LIVE-Ecosystem Governance,"San Jose, CA",,19d
ðŸ”¥ Databricks,Product Management Intern,"San Francisco, CA Bellevue, WA Mountain View, CA",,23d
ðŸ”¥ TikTok,Product Manager Intern - Tiktok-Business Risk Integrated Control,"San Jose, CA",,24d
â†³,Product Manager Intern - Tiktok-Product-Search Growth - 2026 Summer - BS/MS,"San Jose, CA",,24d
ðŸ”¥ TikTok,Product Manager Intern - Tiktok-Product Infrastructure,"San Jose, CA",,25d
â†³,Product Manager Intern - Tiktok-Product-Privacy and Responsibility - BS/MS,"San Jose, CA",,25d
â†³,Policy Operation Intern - Tiktok-Product-Content Ecosystem - BS/MS,"San Jose, CA",,25d
â†³,Product Manager Intern - Tiktok-Product-Comprehensive Search - BS/MS,"San Jose, CA",,25d
â†³,Product Manager Intern â€“ Content and Service Lead Ads,"San Jose, CA",,25d
Sensata,Product Marketing Intern,"Attleboro, MA",,25d
Altruist,Product Management Intern,"San Francisco, CA",,27d
â†³,Product Management Intern,"Los Angeles, CA",,27d
ðŸ”¥ Rippling,Product Lead Internship,"San Francisco, CA New York, NY",,1mo
ðŸ”¥ Apple,Engineering Program Management Intern,USA,,1mo
Whisper Aero,Product Marketing Intern,"Nashville, TN",ðŸ”’,6d
Arch Capital Group,Digital Product Management Summer Intern,"Greensboro, NC",ðŸ”’,10d
U.S. Bank,Product Management Summer Intern,"Minneapolis, MN",ðŸ”’,11d
Chamberlain Group,Intern â€“ Product Management,"Western Springs, IL",ðŸ”’,13d
Capital One,Former Discover Intern - Product Development Program Associate,"5 locations Plano, TX McLean, VA Richmond, VA Chicago, IL NYC",ðŸ”’,18d
ðŸ”¥ Salesforce,Summer 2026 Intern - Product Growth,"San Francisco, CA",ðŸ”’,19d
Stryker,2026 Summer Intern - Data Analytics,"San Jose, CA",,0d
Edison International,2026 Summer Internship - Data Analytics/Data Science/Applied Math/Statistics,"Irwindale, CA",,0d
â†³,2026 Summer Internship - Data Analytics/Data Science/Applied Math/Statistics,"Alhambra, CA",,0d
American Express,"New York, NY",NYC,,0d
84.51 Degrees,Data Scientist â€“ Internship Program,"Cincinnati, OH",,0d
Xcel Energy,Commercial Operations Intern,"Denver, CO",,0d
â†³,Geospatial Technical Intern,"Minneapolis, MN Denver, CO",,0d
Stryker,2026 Summer Intern - Data Analytics,"Mahwah, NJ",,0d
â†³,2026 Summer Intern - Data Analytics,"Portage, MI",,0d
JP Morgan Chase,2026 Data Science Analyst â€“ Summer Internship,"London, UK Glasgow, UK",,0d
The Children's Mercy Hospital,Data Science Intern ðŸ›‚,"Kansas, MO",,0d
Santander Global Facilities (SGF) US - Santander Group,Database Administrator Intern,"Dallas, TX",,1d
PIMCO,2026 Summer Intern - Client Solutions & Analytics Analyst,"Newport Beach, CA",,2d
USAA,Data & Analytics Intern,"Plano, TX San Antonio, TX",,2d
Santander,Technology â€“ Intern - Chief Data Office - Cdo,"Boston, MA",,2d
Dow Jones,SAP Intern,"New York, NY",,2d
â†³,Enterprise Application Intern,"New York, NY",,2d
â†³,Data Analyst Intern,"New York, NY",,2d
â†³,Research Intern,"New York, NY",,2d
Santander,Salesforce and Data Engineering Intern,"Boston, MA",,2d
â†³,Technology & Data Analytics Intern,"Quincy, MA",,2d
Charles Schwab,Technology Intern - Data Engineering,"Austin, TX Westlake, TX",,2d
Medline,IT Business Systems Analyst Intern - Sap/Erp,"Northbrook, IL",,2d
Elanco,IT Data Engineer Intern,USA,,2d
Erie Insurance Group,Data Science Intern,"Erie, PA",,2d
Emergent Holdings,Summer 2026 Intern - Data Analytics,"Detroit, MI",,2d
Booz Allen,Data Scientist Intern,"11 locations Honolulu, HI Annapolis Junction, MD Colorado Springs, CO McLean, VA Rome, NY Panama City, FL Charleston, SC Atlanta, GA Huntsville, AL San Diego, CA El Segundo, CA",,2d
Thomson Reuters,Applied Scientist Intern ðŸŽ“,"Minneapolis, MN",,3d
GE Aerospace,Applied AI Engineer Intern,Remote in USA,,3d
Medline,IT Developer Analyst Intern - Data Science,"Northbrook, IL",,3d
â†³,IT Developer Analyst Intern - Master Data ðŸŽ“,"Northbrook, IL",,3d
â†³,IT Business Intelligence Intern,"Northbrook, IL",,3d
Booz Allen,University â€“ Software Developer Intern,"11 locations Honolulu, HI Annapolis Junction, MD Colorado Springs, CO McLean, VA Rome, NY Panama City, FL Charleston, SC Atlanta, GA Huntsville, AL San Diego, CA El Segundo, CA",,3d
Altman Solon,Summer Data Analyst Intern ðŸ›‚,"Boston, MA New York, NY",,3d
Micron Technology,Intern â€“ Product Architecture,"San Jose, CA",,3d
GeoComply,ML Data Scientist Intern,"Toronto, ON, Canada Vancouver, BC, Canada",,3d
DriveTime,Analytics Intern,"Dallas, TX Tempe, AZ",,3d
Medline,Business Analytics Intern - Durable Medical Equipment,"Northbrook, IL",,3d
ðŸ”¥ ByteDance,Research Scientist Intern - Applied Machine Learning-Enterprise - PhD ðŸŽ“,"San Jose, CA",,3d
Marmon Holdings,Data Automation Engineer Intern,"Morton Grove, IL",,3d
United Parcel Service (UPS),GBS Data Science Internship,"Atlanta, GA",,3d
Anheuser-Busch,University Intern - Technology,"St. Louis, MO",,3d
ðŸ”¥ Meta,Research Scientist Intern - Optimization - Privacy and Inference - PhD ðŸŽ“,"Menlo Park, CA New York, NY",,4d
GuideWell Mutual,Commercial Analytics Summer 2026 Internship,"Jacksonville, FL",,4d
Covestro,Data Analyst Intern,"Pittsburgh, PA",,4d
Micron Technology,Intern â€“ TPG Global IE,"Boise, ID",,4d
Crowe,D365 ERP Technical Intern,"San Francisco, CA Chicago, IL",,4d
â†³,GRC Technology Intern,"Chicago, IL",,4d
Hormel Foods,Hormel Foods â€“ IT Data Analyst Intern,"Rochester, MN",,4d
Marmon Holdings,AI Coding & Process Intern,Remote in USA,,4d
Copart,Technology Product Analyst Intern,"Dallas, TX",,4d
Dominion Energy,Intern â€“ ET Operations Analytics,"Richmond, VA",,4d
Zebra Technologies,2026 Summer Internship - Gen AI Product Management - Corporate and Business Services - CEO,"5 locations Frisco, TX Wheeling, IL San Jose, CA Lake Grove, NY Kennesaw, GA",,4d
â†³,2026 Summer Internship - Marketing Data Science & Analytics - Corporate and Business Services - CEO,"Vernon Hills, IL",,4d
Securian Financial Group,Engineering Analyst Intern,"St Paul, MN",,5d
Aflac,IT Apprentice,"Remote in USA Columbus, GA",,5d
ðŸ”¥ Microsoft,Data Engineer Intern,"Redmond, Washington",,5d
Analog Devices,Algorithm Engineer Intern,"Boston, MA San Diego, CA Burlington, MA",,5d
â†³,Machine Learning Intern,"Boston, MA",,5d
â†³,Machine Learning Intern - PhD ðŸŽ“,"Boston, MA",,5d
ðŸ”¥ ByteDance,Machine Learning Engineer Intern - E-Commerce Knowledge Graph - CV/Multimodal/NLP - BS/MS ðŸŽ“,"Seattle, WA",,5d
â†³,Machine Learning Engineer Intern - Global E-commerce Risk Control - PhD ðŸŽ“,"Seattle, WA",,5d
â†³,Machine Learning Engineer Intern - E-commerce Governance Algorithms - BS/MS,"Seattle, WA",,5d
AbbVie,Computational Data Scientist Intern - PhD ðŸŽ“,"Waukegan, IL",,5d
Nokia,Saas Co-Op ðŸŽ“,"Sunnyvale, CA",,5d
Marsh,Catastrophe Advisory Spring Co-op - College Program 2026,"4 locations Boston, MA Philadelphia, PA Hopkins, MN NYC",,5d
American Express,Campus Undergraduate Summer Internship Program - 2026 Data Analytics - US Consumer Services,"New York, NY",,5d
Grant Thornton,Tax Technology Intern,"Dallas, TX",,5d
Nokia,Optical Systems Co-op/Intern,"Ottawa, ON, Canada",,5d
Deutsche Bank,Deutsche Bank â€“ Deutsche Bank Internship Programme - Technology - Data and Innovation - Tdi,"Morrisville, NC",,5d
Susquehanna International Group (SIG),Machine Learning Internship,"New York, NY",,5d
â†³,Machine Learning Internship ðŸŽ“,"Ardmore, PA",,5d
Qorvo,Database Intern,"Apopka, FL",,5d
Marsh,Data Strategy Co-op - College Program 2026,"New York, NY",,5d
Dominion Energy,Intern â€“ ET Data Systems Analyst,"Glen Allen, VA",,5d
GE Vernova,Data Analytics Internship,"Rugby, UK",,6d
ðŸ”¥ Meta,"Research Scientist Intern, Computational Chemist (PhD) ðŸŽ“ ðŸ›‚","Redmond, WA",,6d
Devon Energy,Energy Marketing Intern,"Oklahoma City, OK",,6d
Skyworks,NPI Automation Engineering Co-Op ðŸŽ“,"Irvine, CA",,6d
ðŸ”¥ Meta,Research Scientist Intern - Pytorch Compiler - PhD ðŸŽ“,"Menlo Park, CA",,6d
â†³,Research Scientist Intern - Systems ML - Frameworks / Compilers / Kernels - PhD ðŸŽ“,"Menlo Park, CA",,6d
Continental Resources,Data Analyst Intern,"Oklahoma City, OK",,6d
L3Harris Technologies,Computer Vision AI Intern,"Tulsa, OK",,6d
The Federal Reserve System,Technical Internship,"Richmond, VA",,7d
PricewaterhouseCoopers (PwC),Digital Assurance & Transparency â€“ Data Intern - Dat,"6 locations Boston, MA SF LA Dallas, TX Norridge, IL NYC",,7d
Sanofi,Summer 2026 Intern - Manufacturing Technology Data Science and Digital Transformation,"East Side, PA",,7d
Johnson & Johnson,J&J Quality & Compliance Internship,"9 locations Bridgewater Township, NJ Horsham, PA Miami, FL Irvine, CA Goldsboro, NC Edison, NJ Jacksonville, FL Atlanta, GA Athens, GA",,7d
Motorola Solutions,Supply Chain Data Analyst Internship,"Chicago, IL",,7d
PricewaterhouseCoopers (PwC),Data & Analytics Technology Consulting Intern,"5 locations Boston, MA Washington, DC Chicago, IL Norridge, IL NYC",,7d
â†³,Cloud Engineering â€“ Data Science Intern - Data & Analytics,"14 locations Boston, MA Seattle, WA Houston, TX Washington, DC SF LA Dallas, TX Philadelphia, PA Chicago, IL Norridge, IL NYC Minneapolis, MN Mountain View, CA Atlanta, GA",,7d
â†³,Deals â€“ Diligence Analytics Intern,"4 locations SF Norridge, IL NYC Atlanta, GA",,7d
Williams,Summer 2026 Internship,"4 locations Salt Lake City, UT Houston, TX Pittsburgh, PA Tulsa, OK",,7d
PricewaterhouseCoopers (PwC),Financial Crimes Unit Data & Analytics Tech Intern,"Norridge, IL New York, NY",,7d
â†³,Deals â€“ Technology and Data Solutions Intern,"4 locations Washington, DC SF Norridge, IL NYC",,7d
â†³,Commercial Technology & Innovation Office â€“ AI Data Science Intern,"11 locations Boston, MA Seattle, WA Houston, TX Washington, DC Dallas, TX Philadelphia, PA Chicago, IL Norridge, IL NYC Minneapolis, MN Atlanta, GA",,7d
Qorvo,Portfolio Management Intern,"Greensboro, NC",,7d
Johnson & Johnson,Technology 2026 Summer Internship,"10 locations New Hope, PA West Chester, PA Bridgewater Township, NJ Horsham, PA Irvine, CA Santa Clara, CA Edison, NJ Ambler, PA Jacksonville, FL Palm Beach Gardens, FL",,7d
â†³,Technology Co-Op,"8 locations New Hope, PA West Chester, PA Bridgewater Township, NJ Horsham, PA Irvine, CA Santa Clara, CA Edison, NJ Ambler, PA",,7d
â†³,Technology Fall Co-Op,"8 locations New Hope, PA West Chester, PA Bridgewater Township, NJ Horsham, PA Irvine, CA Santa Clara, CA Edison, NJ Ambler, PA",,7d
ðŸ”¥ ByteDance,Global Monetization Strategy and Analytics Intern - Mso - BS/MS,"New York, NY",,7d
OCC,Technical Certification and Documentation Services Summer Intern,"Dallas, TX",,9d
Montenson,Data Analytics & Insights Intern,"Minneapolis, MN",,9d
American Bureau of Shipping,Digital Intern,"Spring, TX",,9d
Quality Technology Services,IT Asset Management,"Suwanee, GA",,9d
â†³,Technology Services,"Suwanee, GA",,9d
â†³,Data Center Infrastructure-Controls and Automation Internship,"Suwanee, GA",,9d
â†³,Enterprise Applications Intern,"Suwanee, GA",,9d
â†³,Data Center Infrastructure Management,"Ashburn, VA Suwanee, GA",,9d
Covestro,AI Engineer Intern,"Pittsburgh, PA",,9d
â†³,Data Analyst Intern,"Heath, OH",,9d
ðŸ”¥ Meta,Research Scientist Intern - Smart Glasses in Wearables AI - PhD ðŸŽ“,"4 locations Burlingame, CA Redmond, WA Menlo Park, CA NYC",,10d
Skyworks,AI Engineering Summer/Fall Co-Op ðŸŽ“,"Burlington, MA",,10d
AbbVie,2026 Field Tools and Analytics Internship,"Vernon Hills, IL",,10d
Devon Energy,Business Analysis/Technology Intern,"Oklahoma City, OK",,10d
Fujitsu,Research Intern ðŸŽ“,"Santa Clara, CA",,10d
Motorola,Supply Chain Data Analyst Internship 2026,"Chicago, IL",,10d
Intel,Semiconductor Research â€“ Intern Graduate ðŸŽ“,"4 locations Santa Clara, CA Hillsboro, OR Folsom, CA Phoenix, AZ",,10d
L3Harris Technologies,Specialty Engineering Coop,"Hamilton, ON, Canada",,10d
Devon Energy,Data Engineering Intern,"Oklahoma City, OK",,10d
WEC Energy Group,Intern â€“ Analytics,"Milwaukee, WI",,10d
Church & Dwight,Master's Data Science Co-op ðŸŽ“ ðŸ‡ºðŸ‡¸,"Ewing, NJ",,11d
Hewlett Packard Enterprise,AI Customer Engagement Analyst Intern,"Andover, MA",,11d
The Trade Desk,2026 Data Science Internship,"London, UK",,11d
Brookfield Properties,Data Engineering Intern,"Charleston, SC",,11d
WEC Energy Group,Intern â€“ Data Analytics,"Milwaukee, WI",,11d
Uline,Database Administrator Internship,"5 locations Waukegan, IL Milwaukee, WI Pleasant Prairie, WI Morton Grove, IL Kenosha, WI",,11d
COCO Robotics,ML Engineer Internship ðŸ›‚,"Los Angeles, CA",,12d
ðŸ”¥ Figma,Data Science Intern ðŸ›‚,"San Francisco, CA New York, NY",,12d
Tencent,Motion Generation Algorithm Intern ðŸŽ“,"London, UK",,12d
Royal Caribbean Group,2026 Summer Internship - Global Enterprise Technology,"Miramar, FL",,12d
Dominion Energy,Graduate Intern - Load Forecasting - Engineering Analytics & Modeling ðŸŽ“,"Glen Allen, VA",,12d
Church & Dwight,Master's Data Science Co-op ðŸŽ“,"Trenton, NJ",,12d
ðŸ”¥ Figma,Data Engineer Intern,"San Francisco, CA New York, NY",,12d
WEC Energy Group,Power Generation Data Analyst Intern,"Milwaukee, WI",,13d
Boston Consulting Group,BCG X AI Engineer Internship ðŸŽ“,"London, UK",,13d
Sony,Reinforcement Learning Research Intern for Game AI ðŸŽ“,Rhode Island,,13d
Ameren,Data Analytics Co-Op,"St. Louis, MO",,13d
Deloitte,Audit & Assurance Intern - Data & Analytics,"Chicago, IL",,13d
ðŸ”¥ Shopify,Data Internships,"New York, NY Bellevue, WA",,13d
Fifth Third Bank,Enterprise Data Office Co-op,"Cincinnati, OH",,13d
Procter & Gamble (P&G),Data â€“ & Data Engineering Internships - Analytics,"Cincinnati, OH",,13d
ðŸ”¥ Adobe,AI/ML Intern - Machine Learning Engineer,"7 locations San Jose, CA San Francisco, CA Austin, TX Seattle, WA Waltham, MA New York, NY Lehi, UT",,15d
Uline,Financial Data Analyst Internship,"5 locations Waukegan, IL Milwaukee, WI Pleasant Prairie, WI Morton Grove, IL Kenosha, WI",,16d
OneMain Financial,Analytics Analyst Intern,"Charlotte, NC Wilmington, DE",,16d
WEC Energy Group,Renewables Data Analytics Intern,"Milwaukee, WI",,16d
ðŸ”¥ ByteDance,Machine Learning Engineer Intern - Global E-commerce Risk Control - 2026 Summer - BS/MS,"Seattle, WA",,16d
Uline,Business Intelligence Developer Internship,"5 locations Waukegan, IL Milwaukee, WI Pleasant Prairie, WI Morton Grove, IL Kenosha, WI",,16d
ðŸ”¥ TikTok,Machine Learning Engineer Intern - Tiktok Short Video Content Understanding/Multimodal Recommendation ðŸŽ“,"San Jose, CA",,16d
â†³,General Hire â€“ Machine Learning Engineer Intern - Commerce& Content Service & Search Ads - 2026 Summer - BS/MS,"San Jose, CA",,16d
ðŸ”¥ Adobe,AI/ML Intern - Machine Learning Engineer,"7 locations Seattle, WA San Francisco, CA Austin, TX San Jose, CA Waltham, MA New York, NY Lehi, UT",,16d
Fannie Mae,Campus â€“ Intern - Data Science - Analytics and Modeling Program,"Washington, DC",,16d
Mosaic,Operations Technology Co-Op/Intern,"Tampa, FL",,
